CREATE DATABASE  IF NOT EXISTS `footballProject` /*!40100 DEFAULT CHARACTER SET latin1 */;
USE `footballProject`;
-- MySQL dump 10.13  Distrib 5.7.12, for osx10.9 (x86_64)
--
-- Host: 127.0.0.1    Database: footballProject
-- ------------------------------------------------------
-- Server version	5.7.15

/*!40101 SET @OLD_CHARACTER_SET_CLIENT=@@CHARACTER_SET_CLIENT */;
/*!40101 SET @OLD_CHARACTER_SET_RESULTS=@@CHARACTER_SET_RESULTS */;
/*!40101 SET @OLD_COLLATION_CONNECTION=@@COLLATION_CONNECTION */;
/*!40101 SET NAMES utf8 */;
/*!40103 SET @OLD_TIME_ZONE=@@TIME_ZONE */;
/*!40103 SET TIME_ZONE='+00:00' */;
/*!40014 SET @OLD_UNIQUE_CHECKS=@@UNIQUE_CHECKS, UNIQUE_CHECKS=0 */;
/*!40014 SET @OLD_FOREIGN_KEY_CHECKS=@@FOREIGN_KEY_CHECKS, FOREIGN_KEY_CHECKS=0 */;
/*!40101 SET @OLD_SQL_MODE=@@SQL_MODE, SQL_MODE='NO_AUTO_VALUE_ON_ZERO' */;
/*!40111 SET @OLD_SQL_NOTES=@@SQL_NOTES, SQL_NOTES=0 */;

--
-- Table structure for table `combineData`
--

DROP TABLE IF EXISTS `combineData`;
/*!40101 SET @saved_cs_client     = @@character_set_client */;
/*!40101 SET character_set_client = utf8 */;
CREATE TABLE `combineData` (
  `combineId` varchar(17) NOT NULL,
  `playerId` varchar(10) DEFAULT NULL,
  `height` decimal(3,1) NOT NULL,
  `weight` int(11) NOT NULL,
  `forty` decimal(3,2) DEFAULT NULL,
  `twenty` decimal(3,2) DEFAULT NULL,
  `threecone` decimal(3,2) DEFAULT NULL,
  `vertical` decimal(3,1) DEFAULT NULL,
  `broad` int(11) DEFAULT NULL,
  `bench` int(11) DEFAULT NULL,
  `college` varchar(30) DEFAULT NULL,
  `combineYear` int(11) NOT NULL,
  PRIMARY KEY (`combineId`),
  KEY `playerId_fk_players` (`playerId`),
  CONSTRAINT `playerId_fk_players` FOREIGN KEY (`playerId`) REFERENCES `players` (`playerId`) ON DELETE CASCADE ON UPDATE CASCADE
) ENGINE=InnoDB DEFAULT CHARSET=latin1;
/*!40101 SET character_set_client = @saved_cs_client */;

--
-- Dumping data for table `combineData`
--

LOCK TABLES `combineData` WRITE;
/*!40000 ALTER TABLE `combineData` DISABLE KEYS */;
INSERT INTO `combineData` VALUES ('AbbrJa00Combine','AbbrJa00',73.0,195,4.50,4.08,6.80,30.5,117,4,'Wisconsin',2014),('AbduAm00Combine','AbduAm00',69.0,205,4.60,3.95,6.79,42.5,130,24,'Nebraska',2015),('AdamDa01Combine','AdamDa01',73.0,212,4.56,4.30,6.82,39.5,123,14,'Fresno St.',2014),('AghoNe00Combine','AghoNe00',72.0,198,4.42,0.00,0.00,0.0,0,12,'USC',2015),('AjayJa00Combine','AjayJa00',72.0,221,4.57,4.10,7.10,39.0,121,19,'Boise St.',2015),('AjirSe00Combine','AjirSe00',76.0,204,4.60,4.39,7.22,36.0,115,14,'',2010),('AlfoMa00Combine','AlfoMa00',68.0,180,4.43,4.07,6.64,34.0,121,13,'West Virginia',2015),('AlleDw00Combine','AlleDw00',75.0,255,4.89,4.37,7.12,32.0,110,27,'Clemson',2012),('AlleJa01Combine','AlleJa01',72.0,221,4.53,4.28,6.96,35.5,121,11,'USC',2015),('AlleKe00Combine','AlleKe00',74.5,206,4.71,0.00,0.00,0.0,0,0,'California',2013),('AluaTy99Combine','AluaTy99',75.0,295,4.87,4.43,0.00,35.5,116,21,'California',2010),('AndeC.00Combine','AndeC.00',68.0,224,4.60,4.12,7.15,32.0,119,17,'',2013),('AndeDe00Combine','AndeDe00',78.0,242,5.03,4.67,0.00,29.0,103,0,'Oregon State',2005),('AndrAn00Combine','AndrAn00',70.0,225,4.82,4.49,7.24,29.5,106,20,'Western Kentucky',2014),('ArtiCa00Combine','ArtiCa00',70.0,212,4.53,0.00,7.13,36.5,118,0,'Auburn',2015),('AsiaMa00Combine','AsiaMa00',71.0,229,4.77,4.37,0.00,30.0,104,22,'',2011),('AustMi00Combine','AustMi00',74.0,215,4.47,4.14,0.00,40.5,123,0,'',2006),('AustTa00Combine','AustTa00',68.0,174,4.34,4.01,0.00,32.0,120,14,'West Virginia',2013),('BailSt01Combine','BailSt01',70.0,193,4.52,4.09,6.81,34.5,117,11,'West Virginia',2013),('BarnGa01Combine','BarnGa01',78.0,243,4.61,4.23,0.00,31.0,117,22,'Louisville',2008),('BarnKe00Combine','BarnKe00',69.0,196,4.52,4.20,6.87,35.5,122,20,'Oregon',2013),('BeckOd00Combine','BeckOd00',71.0,198,4.43,3.94,6.69,38.5,122,7,'LSU',2014),('BellBl00Combine','BellBl00',78.0,252,4.80,4.32,0.00,33.0,116,14,'Oklahoma',2015),('BellJo01Combine','BellJo01',71.0,220,4.68,4.17,0.00,36.5,120,0,'',2010),('BenjTr00Combine','BenjTr00',69.0,172,4.36,0.00,0.00,38.0,119,14,'Miami (FL)',2012),('BennMa00Combine','BennMa00',78.0,259,4.68,4.53,0.00,34.0,118,18,'Texas A&M',2008),('BernGi00Combine','BernGi00',68.0,202,4.53,4.12,6.91,33.5,122,19,'North Carolina',2013),('BibbE.00Combine','BibbE.00',74.0,258,0.00,0.00,0.00,0.0,0,20,'Iowa St.',2015),('BlouLe00Combine','BlouLe00',73.0,241,4.70,4.49,0.00,35.0,117,18,'',2010),('BlueAl00Combine','BlueAl00',74.0,223,4.63,4.50,7.15,32.0,121,13,'LSU',2014),('BohaTo00Combine','BohaTo00',73.0,246,4.88,4.42,7.27,35.0,119,36,'Wake Forest',2013),('BoldAn00Combine','BoldAn00',73.0,216,4.72,4.33,7.35,33.5,114,0,'Florida State',2003),('BoldBr00Combine','BoldBr00',71.0,222,4.66,4.44,6.96,38.0,119,21,'',2012),('BortBl00Combine','BortBl00',77.0,232,4.93,4.21,7.08,32.5,115,0,'Central Florida',2014),('BoweDw00Combine','BoweDw00',74.0,221,4.51,4.35,6.81,33.0,125,0,'LSU',2007),('BoylNi00Combine','BoylNi00',76.0,268,5.04,4.23,0.00,30.5,112,20,'Delaware',2015),('BradAh00Combine','BradAh00',70.0,198,4.55,4.09,0.00,34.0,112,0,'Marshall',2007),('BradSa00Combine','BradSa00',76.0,236,4.79,0.00,0.00,0.0,0,0,'Oklahoma',2010),('BradTo00Combine','BradTo00',77.0,211,5.28,4.38,7.20,24.5,99,0,'Michigan',2000),('BreeDr00Combine','BreeDr00',73.0,213,4.83,4.21,7.09,32.0,105,0,'Purdue',2001),('BridTe00Combine','BridTe00',74.0,214,0.00,4.20,7.17,30.0,113,0,'Louisville',2014),('BritKe00Combine','BritKe00',75.0,218,4.49,4.47,0.00,37.0,124,23,'Rutgers',2009),('BrowAn04Combine','BrowAn04',70.0,186,4.56,4.18,6.98,33.5,105,13,'Central Michigan',2010),('BrowDo00Combine','BrowDo00',70.0,210,4.46,4.10,0.00,41.5,125,0,'Connecticut',2009),('BrowJo02Combine','BrowJo02',70.0,179,4.34,4.12,6.91,36.5,119,0,'Pittsburg St. (KS)',2014),('BrowMa03Combine','BrowMa03',71.0,224,4.62,4.15,6.86,34.5,117,19,'Texas',2015),('BrowPh00Combine','BrowPh00',71.0,178,4.51,4.22,7.16,33.0,116,0,'Ohio St.',2014),('BrowVi00Combine','BrowVi00',71.0,187,4.68,4.25,6.64,33.5,121,12,'San Diego State',2011),('BryaDe01Combine','BryaDe01',74.0,225,4.52,4.48,7.21,38.0,133,0,'Oklahoma State',2010),('BryaMa00Combine','BryaMa00',76.0,211,4.42,4.15,7.18,39.0,124,16,'Clemson',2014),('BurkRe00Combine','BurkRe00',70.0,214,4.73,4.09,6.85,39.0,125,21,'Nebraska',2013),('BurtMi00Combine','BurtMi00',71.0,242,4.74,4.34,7.20,33.0,115,25,'Rutgers',2015),('BurtTr01Combine','BurtTr01',74.0,224,4.62,4.32,7.14,30.0,112,0,'Florida',2014),('CaldAn00Combine','CaldAn00',73.0,204,4.35,4.11,0.00,33.0,124,0,'Florida',2008),('CameJo00Combine','CameJo00',77.0,254,4.53,4.03,0.00,37.5,119,23,'USC',2011),('CareKa00Combine','CareKa00',69.0,207,4.70,4.38,7.08,32.5,115,19,'Arizona',2014),('CarrDe02Combine','CarrDe02',74.0,214,4.69,4.20,0.00,34.5,110,0,'Fresno St.',2014),('ChanSc00Combine','ChanSc00',79.0,270,4.78,4.32,0.00,30.0,111,16,'Iowa',2007),('CharJa00Combine','CharJa00',71.0,200,4.38,4.22,0.00,30.5,122,0,'Texas',2008),('ClauJi00Combine','ClauJi00',74.0,222,4.76,0.00,0.00,0.0,0,0,'Notre Dame',2010),('ClayCh00Combine','ClayCh00',75.0,245,4.69,4.15,0.00,33.5,118,18,'Tulsa',2011),('ClemKe00Combine','ClemKe00',74.0,224,4.89,0.00,0.00,0.0,0,0,'Oregon',2006),('CoatSa00Combine','CoatSa00',73.0,212,4.43,4.06,6.98,41.0,131,23,'Auburn',2015),('CobbDa00Combine','CobbDa00',71.0,229,4.81,0.00,0.00,38.5,121,17,'Minnesota',2015),('CobbRa00Combine','CobbRa00',70.0,191,4.46,4.34,7.08,33.5,115,16,'Kentucky',2011),('ColeBr00Combine','ColeBr00',78.0,225,4.56,4.51,7.33,32.5,0,21,'Rutgers',2014),('ColeTe01Combine','ColeTe01',71.0,206,0.00,0.00,0.00,0.0,0,22,'Indiana',2015),('ColsMa00Combine','ColsMa00',77.0,224,4.50,4.44,6.96,37.0,123,0,'Hofstra',2006),('ConlCh00Combine','ConlCh00',74.0,213,4.35,4.30,7.06,45.0,139,18,'Georgia',2015),('CookBr00Combine','CookBr00',70.0,189,4.33,3.81,6.76,36.0,120,16,'Oregon St.',2014),('CookJa02Combine','CookJa02',77.0,246,4.49,0.00,0.00,41.0,123,23,'South Carolina',2009),('CoopAm00Combine','CoopAm00',73.0,211,4.42,3.98,6.71,33.0,120,0,'Alabama',2015),('CoopRi00Combine','CoopRi00',76.0,222,4.53,0.00,0.00,33.0,114,0,'Florida',2010),('CotcJe00Combine','CotcJe00',73.0,212,4.54,3.92,6.95,36.0,121,0,'North Carolina State',2004),('CousKi00Combine','CousKi00',75.0,214,4.93,4.50,7.05,28.5,109,0,'Michigan State',2012),('CrocJo00Combine','CrocJo00',72.0,217,4.62,4.25,7.15,40.0,125,15,'North Dakota St.',2015),('CrowIs00Combine','CrowIs00',71.0,224,4.57,0.00,0.00,38.0,117,23,'Alabama St.',2014),('CrowJa00Combine','CrowJa00',68.0,185,4.56,4.32,7.17,37.0,115,10,'Duke',2015),('CutlJa00Combine','CutlJa00',75.0,226,4.77,4.31,0.00,0.0,0,0,'Vanderbilt',2006),('DaltAn00Combine','DaltAn00',74.0,215,4.83,4.27,0.00,29.5,106,0,'TCU',2011),('DaniCh00Combine','DaniCh00',73.0,218,4.79,4.31,0.00,33.0,0,0,'',2009),('DaniOw00Combine','DaniOw00',76.0,253,4.65,4.11,0.00,34.5,114,23,'Wisconsin',2006),('DaviAu00Combine','DaviAu00',73.0,219,0.00,4.11,6.73,31.0,109,0,'',2012),('DaviGe00Combine','DaviGe00',74.0,216,0.00,4.18,6.86,36.5,124,23,'Connecticut',2015),('DaviKe01Combine','DaviKe01',79.0,262,4.59,4.38,0.00,28.0,118,22,'Michigan State',2008),('DaviKn00Combine','DaviKn00',70.0,227,4.37,4.38,6.96,33.5,121,31,'Arkansas',2013),('DaviMi01Combine','DaviMi01',69.0,217,4.61,4.18,7.00,34.0,116,17,'South Carolina',2015),('DaviVe00Combine','DaviVe00',75.0,254,4.38,4.17,0.00,42.0,128,33,'Maryland',2006),('DeckEr00Combine','DeckEr00',75.0,217,4.54,0.00,0.00,0.0,0,15,'Minnesota',2010),('DickEd00Combine','DickEd00',76.0,249,4.59,4.59,0.00,34.0,115,23,'Oregon',2010),('DiggSt00Combine','DiggSt00',72.0,195,4.46,4.32,7.03,35.0,115,0,'Maryland',2015),('DixoAn00Combine','DixoAn00',73.0,233,4.67,4.49,0.00,33.0,121,15,'Mississippi State',2010),('DorsPh00Combine','DorsPh00',70.0,185,4.33,4.11,6.70,37.0,122,13,'Miami',2015),('DougHa00Combine','DougHa00',71.0,176,4.51,4.12,0.00,31.0,120,0,'Louisville',2008),('DrauSh00Combine','DrauSh00',71.0,213,4.73,4.20,0.00,34.0,118,21,'',2011),('DrayJi00Combine','DrayJi00',77.0,246,4.82,0.00,0.00,0.0,0,17,'Stanford',2010),('EaslMa00Combine','EaslMa00',75.0,210,4.39,4.60,6.94,34.0,123,16,'Connecticut',2010),('EbroEr00Combine','EbroEr00',76.0,250,4.60,0.00,0.00,32.0,120,24,'North Carolina',2014),('EifeTy00Combine','EifeTy00',77.0,250,4.68,4.32,6.92,35.5,119,22,'Notre Dame',2013),('ElliAn00Combine','ElliAn00',69.0,199,4.61,0.00,0.00,34.0,122,0,'Clemson',2013),('ElliBr00Combine','ElliBr00',69.0,197,4.45,3.95,6.69,39.5,120,15,'South Carolina',2014),('ElliRh00Combine','ElliRh00',77.0,251,4.88,0.00,0.00,31.0,109,0,'USC',2012),('EnunQu00Combine','EnunQu00',74.0,225,4.45,0.00,0.00,0.0,0,19,'Nebraska',2014),('ErtzZa00Combine','ErtzZa00',77.0,249,4.76,4.47,7.08,30.5,111,24,'Stanford',2013),('EscoGa00Combine','EscoGa00',78.0,254,4.84,4.31,7.07,32.0,114,0,'San Diego State',2013),('EvanMi00Combine','EvanMi00',77.0,231,4.53,4.26,7.08,37.0,0,12,'Texas A&M',2014),('FasaAn00Combine','FasaAn00',76.0,259,4.86,4.34,0.00,33.5,0,19,'Notre Dame',2006),('FellDa00Combine','FellDa00',76.0,259,4.95,4.52,0.00,29.5,108,19,'',2006),('FeltJe00Combine','FeltJe00',73.0,241,4.68,4.46,0.00,32.5,110,30,'Furman',2008),('FiedC.00Combine','FiedC.00',77.0,265,4.76,4.26,7.10,31.5,116,25,'Iowa',2014),('FishJa00Combine','FishJa00',78.0,306,5.01,4.33,7.25,32.5,0,25,'Oregon',2015),('FitzLa00Combine','FitzLa00',74.9,225,4.48,4.28,6.94,38.0,0,0,'Pittsburgh',2004),('FitzRy00Combine','FitzRy00',75.0,232,4.86,4.07,0.00,30.5,105,0,'Harvard',2005),('FlacJo00Combine','FlacJo00',79.0,236,4.84,4.27,0.00,28.5,110,0,'Delaware',2008),('FleeCo00Combine','FleeCo00',78.0,247,0.00,0.00,0.00,0.0,0,27,'Stanford',2012),('FlowEr00Combine','FlowEr00',78.0,329,5.31,0.00,0.00,0.0,0,37,'Miami',2015),('FloyMi00Combine','FloyMi00',75.0,220,4.47,4.37,7.11,36.0,122,16,'Notre Dame',2012),('FoleNi00Combine','FoleNi00',77.0,243,5.14,0.00,0.00,30.5,112,0,'Arizona',2012),('FortMa00Combine','FortMa00',74.0,217,4.44,4.23,0.00,33.0,118,23,'Tulane',2008),('FostAr00Combine','FostAr00',73.0,226,4.68,0.00,0.00,0.0,0,23,'',2009),('FowlBe00Combine','FowlBe00',73.0,217,4.52,4.18,7.06,36.0,126,0,'Michigan St.',2014),('FowlJa00Combine','FowlJa00',71.0,254,4.94,4.40,7.56,33.5,114,23,'Alabama',2015),('FreeDe00Combine','FreeDe00',68.0,206,4.58,4.26,7.11,31.5,118,0,'Florida St.',2014),('FreeJo00Combine','FreeJo00',78.0,248,4.90,4.43,7.11,33.5,119,0,'Kansas State',2009),('FullCo00Combine','FullCo00',74.0,204,4.43,0.00,0.00,31.5,120,12,'Virginia Tech',2013),('FuncDe00Combine','FuncDe00',76.0,232,4.70,0.00,0.00,38.5,122,17,'Michigan',2015),('GabbBl00Combine','GabbBl00',76.0,234,4.61,4.26,0.00,33.5,120,0,'Missouri',2011),('GarcPi00Combine','GarcPi00',71.9,210,4.42,4.19,6.90,36.5,125,20,'Mount Union',2008),('GaroJi00Combine','GaroJi00',74.0,226,4.97,4.26,7.04,30.5,110,0,'Eastern Illinois',2014),('GerhTo00Combine','GerhTo00',73.0,231,4.50,4.25,0.00,38.0,118,22,'Stanford',2010),('GillCr00Combine','GillCr00',78.0,260,4.89,4.44,7.42,33.5,120,0,'Colorado St.',2014),('GillMi00Combine','GillMi00',71.0,208,4.55,4.40,7.12,30.5,119,15,'Florida',2013),('GiveCh00Combine','GiveCh00',71.0,198,4.41,4.23,6.97,33.0,118,19,'Wake Forest',2012),('GoodMa00Combine','GoodMa00',69.0,183,4.27,0.00,0.00,0.0,132,13,'Texas',2013),('GordMe00Combine','GordMe00',73.0,215,4.52,4.07,7.04,35.0,126,19,'Wisconsin',2015),('GragCh00Combine','GragCh00',75.0,244,4.50,4.51,7.08,37.5,125,18,'Arkansas',2013),('GrahGa00Combine','GrahGa00',75.0,243,4.71,4.35,0.00,34.5,112,20,'Wisconsin',2010),('GrahJi00Combine','GrahJi00',78.0,260,4.53,4.45,0.00,38.5,120,0,'Miami (FL)',2010),('GrahT.00Combine','GrahT.00',71.0,188,4.41,4.18,6.77,33.0,120,8,'North Carolina State',2012),('GranRy01Combine','GranRy01',73.0,215,4.43,4.14,0.00,33.5,115,17,'Notre Dame',2005),('GrayJo00Combine','GrayJo00',70.0,223,0.00,0.00,0.00,0.0,0,20,'',2012),('GreeA.00Combine','GreeA.00',76.0,211,4.48,4.21,6.91,34.5,126,18,'Georgia',2011),('GreeDo00Combine','GreeDo00',77.0,237,4.49,4.45,6.89,33.5,119,13,'Missouri',2015),('GreeLa00Combine','GreeLa00',78.0,238,4.53,4.47,7.12,34.0,124,16,'Louisiana-Lafayette',2012),('GreeRa00Combine','GreeRa00',71.0,182,4.53,4.12,6.88,36.5,122,0,'Florida St.',2015),('GreeVi00Combine','GreeVi00',75.0,249,4.54,4.40,0.00,42.5,130,23,'Nevada',2011),('GresJe00Combine','GresJe00',77.0,261,4.66,4.53,0.00,35.0,113,20,'Oklahoma',2010),('GronRo00Combine','GronRo00',78.0,258,4.68,0.00,0.00,0.0,0,23,'Arizona',2010),('GurlTo01Combine','GurlTo01',73.0,222,0.00,0.00,0.00,0.0,0,17,'Georgia',2015),('HankLe00Combine','HankLe00',74.0,209,4.40,4.21,6.94,36.0,117,14,'Miami (FL)',2011),('HannJa00Combine','HannJa00',76.0,252,4.49,4.11,6.76,36.0,122,24,'Oklahoma',2012),('HarbCl00Combine','HarbCl00',75.0,252,4.62,4.37,0.00,40.0,120,30,'Missouri State',2010),('HardJu00Combine','HardJu00',70.0,192,4.56,4.21,6.63,36.5,114,11,'East Carolina',2015),('HarkCo00Combine','HarkCo00',76.0,260,5.11,4.69,7.40,26.0,109,13,'',2012),('HarpCh01Combine','HarpCh01',73.0,229,4.55,4.39,6.89,35.5,116,20,'Kansas State',2013),('HarrDw00Combine','HarrDw00',70.0,203,4.53,4.21,6.77,34.0,111,10,'East Carolina',2011),('HartBr00Combine','HartBr00',74.0,195,4.52,4.12,6.65,34.5,120,0,'Ohio State',2009),('HarvPe00Combine','HarvPe00',71.0,192,4.39,0.00,0.00,37.5,121,19,'Florida',2009),('HeluRo00Combine','HeluRo00',73.0,219,4.40,4.01,0.00,36.5,119,11,'Nebraska',2011),('HerrDa00Combine','HerrDa00',70.0,213,4.66,4.04,6.97,35.0,117,22,'Ohio State',2012),('HewiRy00Combine','HewiRy00',76.0,246,4.87,4.35,7.04,33.0,109,0,'Stanford',2014),('HeywDa00Combine','HeywDa00',74.0,210,4.30,4.18,6.80,38.5,126,16,'Maryland',2009),('HillJe01Combine','HillJe01',73.0,233,4.66,0.00,0.00,29.0,113,20,'LSU',2014),('HillRo00Combine','HillRo00',69.0,200,4.45,0.00,0.00,37.0,0,17,'San Diego State',2012),('HiltT.00Combine','HiltT.00',70.0,183,4.34,4.36,7.03,35.5,119,7,'Florida International',2012),('HolmAn00Combine','HolmAn00',76.0,210,4.51,4.31,6.69,35.0,130,11,'',2011),('HoomMi00Combine','HoomMi00',76.0,264,4.77,0.00,0.00,0.0,0,25,'',2010),('HousRo01Combine','HousRo01',77.0,248,4.46,4.21,0.00,37.0,117,22,'',2011),('HoyeBr00Combine','HoyeBr00',74.0,215,5.02,4.42,0.00,32.0,109,0,'',2009),('HuffJo00Combine','HuffJo00',71.0,206,4.51,0.00,0.00,35.5,116,14,'Oregon',2014),('HuntJu00Combine','HuntJu00',76.0,196,4.44,4.33,0.00,39.5,136,0,'Tennessee',2013),('HuntKe00Combine','HuntKe00',67.0,199,4.46,4.21,0.00,35.0,122,24,'Oklahoma State',2011),('HurnAl01Combine','HurnAl01',73.0,198,4.55,4.50,7.23,31.0,120,14,'Miami',2014),('HydeCa00Combine','HydeCa00',72.0,230,4.66,0.00,0.00,34.5,114,19,'Ohio St.',2014),('IngrMa01Combine','IngrMa01',69.0,215,4.62,4.62,0.00,31.5,113,21,'Alabama',2011),('IoseJo00Combine','IoseJo00',72.0,247,5.02,4.33,7.24,31.5,110,30,'Hawaii',2015),('IupaMi20Combine','IupaMi20',77.0,331,5.24,4.93,0.00,27.5,92,27,'Idaho',2010),('IvorCh00Combine','IvorCh00',71.5,222,4.48,4.60,7.20,36.0,119,0,'',2010),('JackDe00Combine','JackDe00',70.0,169,4.35,4.19,6.82,34.5,120,0,'California',2008),('JackTa00Combine','JackTa00',74.0,226,4.69,4.40,0.00,31.5,107,0,'Alabama State',2006),('JackVi00Combine','JackVi00',77.0,241,4.46,4.00,6.84,39.0,129,23,'Northern Colorado',2005),('JacoNi00Combine','JacoNi00',77.0,269,0.00,0.00,0.00,0.0,0,15,'McNeese St.',2014),('JameJe00Combine','JameJe00',79.0,261,4.83,4.50,0.00,37.5,121,26,'Penn St.',2015),('JaniJe00Combine','JaniJe00',75.0,219,4.42,3.98,6.64,37.5,123,20,'Saginaw Valley St.',2014),('JeffAl00Combine','JeffAl00',74.9,216,4.48,4.17,6.71,36.5,122,0,'South Carolina',2012),('JennGr00Combine','JennGr00',71.0,197,4.42,4.18,6.69,36.5,117,0,'Western Michigan',2006),('JennRa00Combine','JennRa00',73.0,231,4.59,4.20,0.00,34.0,120,29,'Liberty',2009),('JohnAn02Combine','JohnAn02',74.0,230,4.40,4.10,0.00,39.0,132,17,'Miami (FL)',2003),('JohnCa00Combine','JohnCa00',77.0,239,4.35,0.00,0.00,42.5,139,0,'Georgia Tech',2007),('JohnCh04Combine','JohnCh04',71.0,197,4.24,0.00,0.00,35.0,0,0,'East Carolina',2008),('JohnCh08Combine','JohnCh08',74.0,215,4.39,4.31,7.04,39.5,133,14,'Grand Valley State',2013),('JohnDa05Combine','JohnDa05',74.0,260,4.73,4.43,0.00,32.5,113,21,'Arkansas State',2009),('JohnDa08Combine','JohnDa08',73.0,224,4.50,4.27,6.82,41.5,127,25,'Northern Iowa',2015),('JohnDu00Combine','JohnDu00',69.0,207,4.54,0.00,0.00,33.5,121,0,'Miami',2015),('JohnSt00Combine','JohnSt00',74.0,210,4.58,4.26,0.00,32.5,121,0,'Kentucky',2008),('JohnWe00Combine','JohnWe00',77.0,297,5.11,4.64,7.40,29.0,111,26,'Vanderbilt',2014),('JohnWi00Combine','JohnWi00',74.0,206,0.00,0.00,0.00,0.0,0,0,'Texas St.',2015),('JoneJa04Combine','JoneJa04',73.0,207,4.54,4.20,0.00,34.0,119,22,'San Jose State',2007),('JoneJu02Combine','JoneJu02',75.0,220,4.34,4.25,6.66,38.5,135,17,'Alabama',2011),('JoneLa02Combine','JoneLa02',76.0,225,5.11,4.30,7.12,31.0,115,0,'Oklahoma',2013),('JoneMa02Combine','JoneMa02',74.0,199,4.46,4.11,6.81,33.0,112,22,'California',2012),('JoneMa04Combine','JoneMa04',74.0,231,4.61,4.20,0.00,31.5,112,20,'Florida',2015),('JoneTa00Combine','JoneTa00',72.0,194,4.53,0.00,0.00,0.0,0,13,'Eastern Washington',2011),('KaepCo00Combine','KaepCo00',77.0,233,4.53,4.18,6.85,32.5,115,0,'Nevada',2011),('KearJe01Combine','KearJe01',72.0,209,4.58,4.12,7.03,34.0,119,14,'',2012),('KeenCa00Combine','KeenCa00',73.0,208,4.82,0.00,0.00,32.5,103,0,'',2012),('KendLa00Combine','KendLa00',75.0,243,4.65,4.15,0.00,34.5,122,25,'Wisconsin',2011),('KerlJe00Combine','KerlJe00',70.0,189,4.56,3.99,6.70,34.5,120,16,'TCU',2011),('KrofTy00Combine','KrofTy00',77.0,246,0.00,0.00,0.00,0.0,0,17,'Rutgers',2015),('LacyEd00Combine','LacyEd00',71.0,231,4.58,0.00,0.00,0.0,0,0,'Alabama',2013),('LaFeBr00Combine','LaFeBr00',75.0,211,4.58,4.23,6.81,36.0,115,11,'LSU',2010),('LandJa00Combine','LandJa00',71.0,205,4.77,0.00,0.00,28.5,110,12,'LSU',2014),('LangJe00Combine','LangJe00',72.0,208,4.42,4.32,7.22,34.5,118,0,'Michigan St.',2015),('LatiCo00Combine','LatiCo00',74.0,215,0.00,0.00,0.00,0.0,0,23,'Indiana',2014),('LeexMa00Combine','LeexMa00',72.0,192,4.52,4.01,0.00,38.0,127,0,'USC',2014),('LewiDi00Combine','LewiDi00',67.0,193,4.56,4.18,0.00,34.5,112,17,'Pittsburgh',2011),('LewiMa00Combine','LewiMa00',79.0,261,4.80,4.84,0.00,37.0,118,23,'UCLA',2006),('LindRy00Combine','LindRy00',76.0,229,4.90,4.45,7.52,29.5,108,0,'San Diego State',2012),('LineZa01Combine','LineZa01',72.0,232,4.77,0.00,0.00,30.5,111,26,'',2013),('LockRi00Combine','LockRi00',74.0,211,4.34,4.19,7.15,35.5,127,22,'',2011),('LockTy00Combine','LockTy00',70.0,182,4.40,4.07,6.89,35.5,121,0,'Kansas St.',2015),('LuckAn00Combine','LuckAn00',76.0,234,4.67,4.28,6.80,36.0,124,0,'Stanford',2012),('LyncMa00Combine','LyncMa00',71.0,215,4.46,4.58,0.00,35.5,125,20,'California',2007),('MaclJe00Combine','MaclJe00',73.0,198,4.45,4.25,7.06,35.5,120,0,'Missouri',2009),('MageTe00Combine','MageTe00',68.0,213,0.00,4.37,7.52,37.0,115,22,'LSU',2015),('MallRy00Combine','MallRy00',79.0,253,5.24,0.00,0.00,24.0,0,0,'Arkansas',2011),('MannEl00Combine','MannEl00',77.0,221,4.90,0.00,0.00,0.0,0,0,'Mississippi',2004),('MannSe00Combine','MannSe00',78.0,229,5.14,4.39,7.29,31.0,105,0,'Oregon St.',2015),('ManzJo00Combine','ManzJo00',72.0,207,4.68,4.03,6.75,31.5,113,0,'Texas A&M',2014),('MariMa01Combine','MariMa01',76.0,222,4.52,4.11,6.87,36.0,121,0,'Oregon',2015),('MarsBr00Combine','MarsBr00',77.0,229,4.52,4.31,6.96,37.0,120,0,'UCF',2006),('MartDo00Combine','MartDo00',69.0,223,4.55,4.16,6.79,36.0,120,28,'Boise State',2012),('MartKe01Combine','MartKe01',71.0,188,4.45,4.13,6.85,39.0,122,13,'Michigan State',2012),('MasoTr00Combine','MasoTr00',68.0,207,4.50,4.15,0.00,38.5,126,0,'Auburn',2014),('MathRy00Combine','MathRy00',73.0,218,4.37,4.33,0.00,36.0,121,19,'Fresno State',2010),('MattJo00Combine','MattJo00',75.0,212,4.46,4.18,6.95,35.5,120,21,'Vanderbilt',2014),('MattRi00Combine','MattRi00',72.0,217,4.62,4.19,6.88,36.0,0,20,'Nevada',2012),('McBrTr00Combine','McBrTr00',72.0,210,4.41,4.08,6.96,38.0,122,16,'William & Mary',2015),('McClDe00Combine','McClDe00',69.0,172,4.53,4.06,0.00,37.5,118,20,'Mississippi',2010),('McCoCo00Combine','McCoCo00',73.0,216,4.79,0.00,0.00,0.0,114,0,'Texas',2010),('McCoJo01Combine','McCoJo01',76.0,223,4.59,3.90,0.00,38.5,120,0,'Sam Houston State',2002),('McCoLu00Combine','McCoLu00',76.0,208,4.71,4.28,0.00,37.5,125,0,'Louisiana Tech',2004),('McDoVa00Combine','McDoVa00',76.0,267,4.69,4.53,7.08,33.5,119,31,'Rice',2013),('McFaDa00Combine','McFaDa00',73.0,211,4.33,0.00,0.00,33.0,128,0,'Arkansas',2008),('McKiJe00Combine','McKiJe00',69.0,209,4.41,4.12,6.83,40.5,132,32,'Georgia Southern',2014),('MettZa00Combine','MettZa00',77.0,224,0.00,0.00,0.00,0.0,0,0,'LSU',2014),('MichCh00Combine','MichCh00',70.0,220,4.54,4.02,6.69,43.0,125,27,'Texas A&M',2013),('MillBr02Combine','MillBr02',73.0,254,4.81,4.34,0.00,31.0,113,35,'UCF',2011),('MillLa01Combine','MillLa01',71.0,212,4.40,0.00,0.00,33.0,0,0,'Miami (FL)',2012),('MillZa02Combine','MillZa02',77.0,256,4.87,4.42,0.00,34.0,115,0,'Arizona State',2007),('MoeaTo00Combine','MoeaTo00',75.0,245,4.69,4.42,0.00,34.0,113,18,'Iowa',2010),('MoncDo00Combine','MoncDo00',74.0,221,4.40,4.30,7.02,39.5,132,13,'Mississippi',2014),('MontTy01Combine','MontTy01',72.0,221,4.55,4.21,6.97,40.5,121,0,'Stanford',2015),('MoorKe02Combine','MoorKe02',72.0,197,4.94,4.56,7.41,27.0,99,0,'',2012),('MorrAl00Combine','MorrAl00',70.0,219,4.67,4.19,7.01,35.0,117,16,'Florida Atlantic',2012),('MumpKe00Combine','MumpKe00',72.0,215,4.54,4.25,7.07,32.5,121,0,'Michigan St.',2015),('MurpLo00Combine','MurpLo00',75.0,203,4.32,4.45,6.95,34.5,117,12,'Florida',2009),('MurpMa03Combine','MurpMa03',68.0,193,4.61,4.40,0.00,29.0,109,11,'Missouri',2015),('MurrDe00Combine','MurrDe00',73.0,213,4.37,4.18,0.00,34.5,130,21,'Oklahoma',2011),('MurrLa00Combine','MurrLa00',74.5,223,4.38,4.36,6.81,36.0,124,22,'UCF',2013),('NassRy00Combine','NassRy00',74.0,227,5.06,4.53,7.34,28.5,105,0,'Syracuse',2013),('NewtCa00Combine','NewtCa00',77.0,248,4.56,4.18,6.92,35.0,126,0,'Auburn',2011),('NickHa01Combine','NickHa01',73.0,212,4.51,0.00,0.00,36.0,0,0,'North Carolina',2009),('NiklTr00Combine','NiklTr00',78.0,270,0.00,4.55,7.57,32.0,114,27,'Notre Dame',2014),('OLeaNi00Combine','OLeaNi00',75.0,252,4.93,4.50,0.00,30.5,110,21,'Florida St.',2015),('OlseGr00Combine','OlseGr00',78.0,254,4.51,4.48,0.00,35.5,114,23,'Miami (FL)',2007),('OrloDa00Combine','OrloDa00',77.0,225,4.93,4.43,0.00,29.5,107,0,'Connecticut',2005),('OsweBr00Combine','OsweBr00',79.0,242,0.00,0.00,0.00,0.0,0,0,'Arizona State',2012),('OwusCh00Combine','OwusCh00',71.0,196,4.36,4.11,6.85,40.0,129,19,'',2012),('PalmCa00Combine','PalmCa00',77.0,232,4.65,0.00,0.00,0.0,0,0,'USC',2003),('ParkDe01Combine','ParkDe01',75.0,209,4.45,0.00,0.00,36.5,125,17,'Louisville',2015),('PattCo00Combine','PattCo00',74.0,216,4.42,0.00,0.00,37.0,128,0,'Tennessee',2013),('PattQu00Combine','PattQu00',72.0,204,4.53,4.01,6.91,33.0,118,8,'Louisiana Tech',2013),('PeadIs00Combine','PeadIs00',70.0,197,4.47,4.32,6.95,33.0,116,0,'Cincinnati',2012),('PeteAd01Combine','PeteAd01',74.0,217,4.40,4.40,0.00,38.5,127,0,'Oklahoma',2007),('PettBr00Combine','PettBr00',78.0,263,4.80,4.37,0.00,33.0,118,22,'Oklahoma State',2009),('PhilJo00Combine','PhilJo00',78.0,251,4.78,4.27,0.00,33.5,112,20,'Virginia',2009),('PierBe00Combine','PierBe00',72.0,218,4.49,4.28,7.07,36.0,123,17,'Temple',2012),('PoexDo00Combine','PoexDo00',76.0,346,4.98,4.56,7.90,29.0,105,44,'Memphis',2012),('PolkCh00Combine','PolkCh00',71.0,215,4.57,4.21,7.13,31.0,111,0,'',2012),('PoweBi00Combine','PoweBi00',71.0,207,4.51,0.00,0.00,0.0,0,18,'Louisville',2011),('PoyeJo00Combine','PoyeJo00',72.0,191,4.54,4.18,6.87,30.5,118,8,'Oregon State',2013),('PruiMy00Combine','PruiMy00',74.0,251,4.58,4.37,0.00,38.0,118,17,'Southern Illinois',2015),('QuarAn00Combine','QuarAn00',77.0,254,4.68,0.00,0.00,32.0,112,23,'Penn State',2010),('QuicBr00Combine','QuicBr00',76.0,220,4.55,4.23,7.10,34.0,119,15,'Appalachian State',2012),('RandJo01Combine','RandJo01',72.0,204,4.63,0.00,0.00,35.0,123,0,'Oklahoma State',2013),('RandRu00Combine','RandRu00',75.0,210,4.55,4.36,6.99,31.0,121,15,'LSU',2012),('RawlTh00Combine','RawlTh00',69.0,215,4.65,0.00,0.00,35.5,116,15,'Central Michigan',2015),('ReedJo02Combine','ReedJo02',74.0,236,4.72,0.00,0.00,0.0,0,16,'Florida',2013),('RichPa01Combine','RichPa01',72.0,175,4.40,0.00,7.09,38.0,124,0,'Colorado',2014),('RiddTh00Combine','RiddTh00',70.0,201,4.68,0.00,0.00,32.0,118,0,'Notre Dame',2013),('RidlSt00Combine','RidlSt00',71.0,225,4.65,4.21,0.00,36.0,118,18,'LSU',2011),('RiveMy00Combine','RiveMy00',75.0,242,4.81,4.43,7.17,31.0,112,17,'Tennessee',2013),('RivePh00Combine','RivePh00',77.0,229,5.08,0.00,0.00,0.0,0,0,'North Carolina State',2004),('RobeAn00Combine','RobeAn00',71.0,195,4.40,4.15,6.77,36.0,120,15,'Citadel',2010),('RobiAl02Combine','RobiAl02',74.0,220,4.60,4.00,7.00,39.0,127,0,'Penn St.',2014),('RobiDe00Combine','RobiDe00',70.0,199,4.43,4.22,7.09,36.5,123,0,'Michigan',2013),('RobiJo02Combine','RobiJo02',68.0,217,4.70,0.00,0.00,32.0,113,21,'Mississippi St.',2015),('RodgAa00Combine','RodgAa00',74.0,223,4.71,4.32,7.39,34.5,110,0,'California',2005),('RodgJa00Combine','RodgJa00',66.0,196,4.59,4.26,0.00,33.0,113,0,'Oregon State',2011),('RodgRi00Combine','RodgRi00',76.0,257,4.87,4.47,7.23,31.5,116,16,'California',2014),('RoetBe00Combine','RoetBe00',77.0,241,4.75,0.00,0.00,0.0,0,0,'Miami (OH)',2004),('RomoTo00Combine','RomoTo00',74.0,230,5.01,4.20,0.00,30.0,105,0,'',2003),('RoyaEd00Combine','RoyaEd00',70.0,184,4.39,4.34,0.00,36.0,124,24,'Virginia Tech',2008),('RyanMa00Combine','RyanMa00',77.0,228,4.89,4.51,0.00,0.0,0,0,'Boston College',2008),('SalaGr00Combine','SalaGr00',73.0,210,4.53,4.10,6.65,37.0,120,15,'',2011),('SancMa00Combine','SancMa00',74.0,227,4.93,4.21,7.06,32.5,116,0,'USC',2009),('SandEm00Combine','SandEm00',71.0,186,4.40,4.10,6.64,39.5,126,12,'Southern Methodist',2010),('SankBi00Combine','SankBi00',69.0,209,4.49,4.00,6.75,35.5,126,26,'Washington',2014),('SantCa01Combine','SantCa01',68.0,164,0.00,0.00,0.00,0.0,0,0,'Tulane',2014),('SanuMo00Combine','SanuMo00',74.0,211,4.67,4.22,6.88,36.0,126,19,'Rutgers',2012),('SchaMa00Combine','SchaMa00',78.0,243,5.04,4.66,0.00,30.5,110,0,'Virginia',2004),('SefeAu00Combine','SefeAu00',77.0,262,0.00,0.00,0.00,0.0,0,20,'Washington',2014),('SherAn00Combine','SherAn00',70.0,242,4.74,4.41,0.00,32.5,111,32,'Connecticut',2011),('ShorCe00Combine','ShorCe00',73.0,205,4.50,4.07,6.50,34.5,114,21,'Mount Union',2011),('SimpJe00Combine','SimpJe00',74.0,199,4.42,4.52,7.08,37.5,136,0,'Coastal Carolina',2008),('SimsCh00Combine','SimsCh00',72.0,214,4.48,4.30,7.16,37.5,126,17,'West Virginia',2014),('SimsDi00Combine','SimsDi00',77.0,262,4.75,4.52,7.36,35.0,112,22,'Michigan State',2013),('SmitAl03Combine','SmitAl03',76.0,217,4.71,3.97,0.00,32.0,113,0,'Utah',2005),('SmitDe04Combine','SmitDe04',72.0,196,4.42,4.15,0.00,39.0,122,10,'Ohio St.',2015),('SmitGe00Combine','SmitGe00',74.0,218,4.59,0.00,0.00,33.5,124,0,'West Virginia',2013),('SmitKe04Combine','SmitKe04',73.0,217,4.53,4.49,0.00,32.0,120,0,'UCF',2008),('SmitLe00Combine','SmitLe00',78.0,266,4.94,4.28,0.00,29.0,108,25,'Marshall',2011),('SmitSt01Combine','SmitSt01',69.0,184,4.41,4.25,0.00,38.5,121,0,'Utah',2001),('SmitTo02Combine','SmitTo02',73.0,204,4.41,4.13,6.72,41.0,126,19,'Maryland',2011),('SneaWi00Combine','SneaWi00',71.0,195,4.62,4.39,7.19,33.5,113,11,'Ball St.',2014),('SpilC.00Combine','SpilC.00',71.0,196,4.27,0.00,0.00,0.0,0,18,'Clemson',2010),('SproDa00Combine','SproDa00',66.0,187,4.47,3.96,0.00,33.0,105,23,'Kansas State',2005),('StacZa00Combine','StacZa00',68.0,216,4.55,4.17,6.70,33.0,122,27,'',2013),('StafMa00Combine','StafMa00',74.0,225,4.81,4.47,7.06,30.5,107,0,'Georgia',2009),('StanDr00Combine','StanDr00',75.0,226,4.75,4.41,0.00,30.5,108,0,'Michigan State',2007),('StarJa00Combine','StarJa00',74.0,218,4.50,4.23,0.00,36.0,119,15,'Buffalo',2010),('StevCr00Combine','StevCr00',75.0,254,4.59,4.31,0.00,27.5,114,27,'California',2008),('StewJo00Combine','StewJo00',70.0,235,4.46,0.00,0.00,36.5,128,28,'Oregon',2008),('StilKe00Combine','StilKe00',72.0,194,4.38,4.35,0.00,33.5,124,16,'Oklahoma',2013),('StocLu00Combine','StocLu00',77.0,258,4.68,4.40,0.00,33.0,115,27,'Tennessee',2011),('StonJa01Combine','StonJa01',75.0,252,4.65,4.27,7.12,34.5,116,18,'',2013),('StreDe00Combine','StreDe00',75.0,198,4.55,4.01,6.89,37.0,124,0,'Pittsburgh',2014),('StroJa01Combine','StroJa01',74.0,217,4.44,0.00,0.00,42.0,123,0,'Arizona State',2015),('TaliLo00Combine','TaliLo00',72.0,229,4.58,4.22,6.88,33.0,118,18,'Coastal Carolina',2014),('TammJa00Combine','TammJa00',76.0,236,4.58,4.27,0.00,30.0,109,18,'Kentucky',2008),('TannRy00Combine','TannRy00',76.0,221,0.00,0.00,0.00,0.0,0,0,'Texas A&M',2012),('TateGo00Combine','TateGo00',70.0,199,4.42,4.34,7.12,35.0,120,17,'Notre Dame',2010),('TaylSt00Combine','TaylSt00',69.1,214,4.76,4.50,7.13,30.0,110,17,'Stanford',2013),('TaylTy00Combine','TaylTy00',73.0,217,4.47,4.09,0.00,37.5,126,0,'Virginia Tech',2011),('ThomCh03Combine','ThomCh03',73.0,189,4.50,4.14,0.00,35.0,117,12,'Nicholls State',2004),('ThomDe03Combine','ThomDe03',75.3,224,4.38,0.00,0.00,0.0,0,0,'Georgia Tech',2010),('ThomDe05Combine','ThomDe05',69.0,174,4.50,0.00,0.00,32.0,124,8,'Oregon',2014),('ThomJu00Combine','ThomJu00',77.0,246,4.64,4.31,0.00,35.5,111,16,'Portland State',2011),('ThomKe02Combine','ThomKe02',73.0,193,4.54,4.21,6.88,33.5,121,8,'',2013),('TodmJo00Combine','TodmJo00',69.0,203,4.40,4.18,0.00,38.0,126,25,'Connecticut',2011),('ToilLe00Combine','ToilLe00',80.0,260,4.86,4.57,7.09,31.0,113,17,'Stanford',2013),('TolzSc00Combine','TolzSc00',74.0,212,4.92,4.12,0.00,29.5,116,0,'',2011),('TurbRo00Combine','TurbRo00',70.0,222,4.50,4.31,7.16,36.0,122,28,'Utah State',2012),('VargTy00Combine','VargTy00',71.0,222,0.00,0.00,0.00,0.0,0,23,'Yale',2015),('VereSh00Combine','VereSh00',70.0,210,4.49,4.28,0.00,34.0,115,31,'California',2011),('VickMi00Combine','VickMi00',73.0,210,4.33,0.00,0.00,38.0,0,0,'Virginia Tech',2001),('WalfCl00Combine','WalfCl00',76.0,251,4.79,4.57,0.00,35.0,120,20,'Miami',2015),('WalkHu00Combine','WalkHu00',73.0,240,4.49,0.00,0.00,36.5,118,0,'Central Missouri State',2006),('WallDa01Combine','WallDa01',78.0,238,4.46,4.25,7.07,37.0,125,12,'Georgia Tech',2015),('WallMi00Combine','WallMi00',73.0,199,4.28,4.27,0.00,40.0,129,14,'Mississippi',2009),('WashTo00Combine','WashTo00',76.0,247,4.99,4.31,7.20,32.5,110,17,'Oregon',2015),('WatkSa00Combine','WatkSa00',73.0,211,4.43,4.34,6.95,34.0,126,16,'Clemson',2014),('WatsBe00Combine','WatsBe00',76.0,258,4.57,4.15,0.00,35.5,123,34,'Georgia',2004),('WeedBr00Combine','WeedBr00',76.0,221,4.89,4.45,7.36,32.0,102,0,'Oklahoma State',2012),('WestTe00Combine','WestTe00',69.0,225,4.54,0.00,0.00,33.5,120,16,'Towson',2014),('WheaMa00Combine','WheaMa00',71.0,189,4.45,4.02,6.80,37.0,120,20,'Oregon State',2013),('WhitCh02Combine','WhitCh02',77.0,223,4.75,4.12,0.00,33.0,112,0,'Clemson',2006),('WhitDe01Combine','WhitDe01',71.0,193,4.44,4.18,6.97,34.5,118,0,'Alabama',2015),('WhitJa02Combine','WhitJa02',69.0,204,4.57,4.20,7.05,32.0,114,23,'Wisconsin',2014),('WillDa05Combine','WillDa05',71.0,222,4.45,4.25,7.37,35.5,121,16,'Oklahoma',2014),('WillDe02Combine','WillDe02',69.0,214,4.49,0.00,0.00,35.5,0,25,'Memphis',2006),('WillKa01Combine','WillKa01',73.0,230,4.48,4.46,7.16,33.5,117,16,'Florida St.',2015),('WillKe05Combine','WillKe05',68.0,195,4.48,4.15,7.15,35.0,118,17,'Utah State',2013),('WillMa04Combine','WillMa04',76.0,249,4.78,4.37,0.00,34.5,117,17,'Minnesota',2015),('WillNi02Combine','WillNi02',76.0,309,4.94,4.65,7.55,33.0,111,28,'',2013),('WillTe01Combine','WillTe01',74.0,208,4.52,4.32,7.01,32.5,119,11,'Baylor',2013),('WillTr03Combine','WillTr03',67.0,195,4.49,4.12,6.84,33.5,119,18,'Texas A&M',2015),('WilsAl02Combine','WilsAl02',69.0,202,4.43,4.21,7.00,37.5,123,10,'Georgia State',2014),('WilsMa02Combine','WilsMa02',75.0,194,4.51,4.33,6.65,34.5,122,7,'Washington State',2013),('WilsRu00Combine','WilsRu00',71.0,204,4.55,4.09,6.97,34.0,118,0,'Wisconsin',2012),('WinnGe00Combine','WinnGe00',70.0,218,4.75,0.00,0.00,34.5,119,22,'',2013),('WinsJa00Combine','WinsJa00',76.0,231,4.97,4.36,7.16,28.5,103,0,'Florida St.',2015),('WittJa00Combine','WittJa00',78.0,264,4.65,0.00,0.00,31.0,0,25,'Tennessee',2003),('WoodCi00Combine','WoodCi00',71.0,213,4.56,0.00,0.00,37.5,124,16,'',2013),('WoodDa02Combine','WoodDa02',67.5,197,4.38,4.20,7.03,38.0,121,20,'',2008),('WoodRo02Combine','WoodRo02',72.0,201,4.51,4.47,7.15,33.5,117,14,'USC',2013),('WrigJa02Combine','WrigJa02',70.0,182,4.42,4.03,6.93,38.0,120,11,'Arkansas',2012),('WrigKe01Combine','WrigKe01',70.3,196,4.61,4.18,6.93,38.5,121,4,'Baylor',2012),('YateT.00Combine','YateT.00',75.0,219,5.06,4.12,0.00,29.5,104,0,'North Carolina',2011),('YeldT.00Combine','YeldT.00',73.0,226,4.61,4.22,7.19,36.0,117,22,'Alabama',2015),('ZennZa00Combine','ZennZa00',71.0,223,4.60,4.14,7.08,41.0,121,25,'South Dakota St.',2015);
/*!40000 ALTER TABLE `combineData` ENABLE KEYS */;
UNLOCK TABLES;

--
-- Table structure for table `passingInfo`
--

DROP TABLE IF EXISTS `passingInfo`;
/*!40101 SET @saved_cs_client     = @@character_set_client */;
/*!40101 SET character_set_client = utf8 */;
CREATE TABLE `passingInfo` (
  `passingId` varchar(21) NOT NULL,
  `playerId` varchar(10) DEFAULT NULL,
  `compPerc` decimal(5,2) NOT NULL,
  `yards` int(11) NOT NULL,
  `touchdowns` int(11) NOT NULL,
  `interceptions` int(11) NOT NULL,
  `rating` decimal(4,1) NOT NULL,
  PRIMARY KEY (`passingId`),
  KEY `playerId_fk_players_passing` (`playerId`),
  CONSTRAINT `playerId_fk_players_passing` FOREIGN KEY (`playerId`) REFERENCES `players` (`playerId`) ON DELETE CASCADE ON UPDATE CASCADE
) ENGINE=InnoDB DEFAULT CHARSET=latin1;
/*!40101 SET character_set_client = @saved_cs_client */;

--
-- Dumping data for table `passingInfo`
--

LOCK TABLES `passingInfo` WRITE;
/*!40000 ALTER TABLE `passingInfo` DISABLE KEYS */;
INSERT INTO `passingInfo` VALUES ('AmenDa00Passing','AmenDa00',100.00,36,0,0,118.7),('AndeDe00Passing','AndeDe00',66.70,36,0,0,82.6),('AndrAn00Passing','AndrAn00',100.00,41,1,0,158.3),('BortBl00Passing','BortBl00',58.60,4428,35,18,88.2),('BradSa00Passing','BradSa00',65.00,3725,19,14,86.4),('BradTo00Passing','BradTo00',64.40,4770,36,7,102.2),('BreeDr00Passing','BreeDr00',68.30,4870,32,11,101.0),('BridTe00Passing','BridTe00',65.30,3231,14,9,88.7),('CadeTr00Passing','CadeTr00',0.00,0,0,0,39.6),('CarrDe02Passing','CarrDe02',61.10,3987,32,13,91.1),('CassMa00Passing','CassMa00',58.30,1276,5,7,70.6),('ClauJi00Passing','ClauJi00',57.60,739,2,4,66.7),('ClemKe00Passing','ClemKe00',83.30,63,1,0,150.0),('CousKi00Passing','CousKi00',69.80,4166,29,11,101.6),('CrowJa00Passing','CrowJa00',0.00,0,0,0,39.6),('CutlJa00Passing','CutlJa00',64.40,3659,21,11,92.3),('DaltAn00Passing','DaltAn00',66.10,3250,25,7,106.2),('DaniB.00Passing','DaniB.00',50.00,7,0,0,58.3),('DaniCh00Passing','DaniCh00',100.00,4,0,0,79.2),('DaviAu00Passing','DaviAu00',59.60,547,1,3,66.2),('FitzRy00Passing','FitzRy00',59.60,3905,31,15,88.0),('FlacJo00Passing','FlacJo00',64.40,2791,14,12,83.1),('FoleNi00Passing','FoleNi00',56.40,2052,7,10,69.0),('FreeJo00Passing','FreeJo00',53.60,149,1,1,65.9),('GabbBl00Passing','GabbBl00',63.10,2031,10,7,86.2),('GaroJi00Passing','GaroJi00',25.00,6,0,0,39.6),('GrimJo01Passing','GrimJo01',0.00,0,0,0,39.6),('HassMa00Passing','HassMa00',60.90,1690,9,5,84.0),('HekkJo00Passing','HekkJo00',25.00,20,0,0,47.9),('HillSh00Passing','HillSh00',28.60,15,0,0,39.6),('HogaCh00Passing','HogaCh00',100.00,4,0,0,83.3),('HoyeBr00Passing','HoyeBr00',60.70,2606,19,7,91.4),('JackTa00Passing','JackTa00',66.70,37,0,0,83.3),('JoneLa02Passing','JoneLa02',58.20,513,3,4,77.3),('KaepCo00Passing','KaepCo00',59.00,1615,6,5,78.5),('KeenCa00Passing','KeenCa00',60.80,828,4,1,87.7),('KochSa20Passing','KochSa20',100.00,-3,0,0,79.2),('LandJa00Passing','LandJa00',100.00,9,0,0,104.2),('LindRy00Passing','LindRy00',60.00,58,1,0,109.6),('LuckAn00Passing','LuckAn00',55.30,1881,15,12,74.9),('MallRy00Passing','MallRy00',55.70,1336,5,6,67.9),('MannEl00Passing','MannEl00',62.60,4432,35,14,93.6),('MannPe00Passing','MannPe00',59.80,2249,9,17,67.9),('MannSe00Passing','MannSe00',85.70,31,0,0,85.1),('ManuEJ00Passing','ManuEJ00',61.90,561,3,3,78.5),('ManzJo00Passing','ManzJo00',57.80,1500,7,5,79.4),('MariMa01Passing','MariMa01',62.20,2818,19,10,91.5),('McCaA.00Passing','McCaA.00',66.40,854,6,2,97.1),('McCoCo00Passing','McCoCo00',63.60,128,1,0,133.9),('McCoJo01Passing','McCoJo01',63.70,2109,12,4,93.3),('McCoLu00Passing','McCoLu00',82.10,335,0,1,91.8),('McFaDa00Passing','McFaDa00',0.00,0,0,0,39.6),('McGlMa01Passing','McGlMa01',71.90,142,2,1,88.3),('MettZa00Passing','MettZa00',60.80,935,4,7,66.7),('MoorKe02Passing','MoorKe02',58.70,779,4,6,71.0),('MoorMa01Passing','MoorMa01',100.00,14,0,0,118.7),('NassRy00Passing','NassRy00',100.00,68,1,0,158.3),('NewtCa00Passing','NewtCa00',59.80,3837,35,10,99.4),('OrloDa00Passing','OrloDa00',55.00,201,1,1,66.8),('OsweBr00Passing','OsweBr00',61.80,1967,10,6,86.4),('PalmCa00Passing','PalmCa00',63.70,4671,35,11,104.6),('RenfSe00Passing','RenfSe00',42.90,11,0,1,10.7),('RivePh00Passing','RivePh00',66.10,4792,29,13,93.8),('RodgAa00Passing','RodgAa00',60.70,3821,31,8,92.7),('RoetBe00Passing','RoetBe00',68.00,3938,21,16,94.5),('RomoTo00Passing','RomoTo00',68.60,884,5,7,79.4),('RyanMa00Passing','RyanMa00',66.30,4591,21,16,89.0),('SancMa00Passing','SancMa00',64.80,616,4,4,80.7),('SantCa01Passing','SantCa01',100.00,3,0,0,79.2),('SchaMa00Passing','SchaMa00',65.00,540,3,4,76.0),('ShorCe00Passing','ShorCe00',100.00,21,1,0,158.3),('SmitAl03Passing','SmitAl03',65.30,3486,20,7,95.4),('SmitGe00Passing','SmitGe00',64.30,265,2,1,87.9),('StafMa00Passing','StafMa00',67.20,4262,32,13,97.0),('StanDr00Passing','StanDr00',44.00,104,0,2,22.7),('TannAl00Passing','TannAl00',71.40,99,1,0,114.9),('TannRy00Passing','TannRy00',61.90,4208,24,12,88.7),('TaylTy00Passing','TaylTy00',63.70,3035,20,6,99.4),('TolzSc00Passing','TolzSc00',100.00,4,0,0,83.3),('VickMi00Passing','VickMi00',60.60,371,2,1,79.8),('WaltBr00Passing','WaltBr00',0.00,0,0,0,39.6),('WeedBr00Passing','WeedBr00',69.30,1043,5,2,96.8),('WhitCh02Passing','WhitCh02',50.00,150,0,1,50.3),('WilsRu00Passing','WilsRu00',68.10,4024,34,8,110.1),('WinsJa00Passing','WinsJa00',58.30,4042,22,15,84.2),('YateT.00Passing','YateT.00',49.10,370,3,1,80.3);
/*!40000 ALTER TABLE `passingInfo` ENABLE KEYS */;
UNLOCK TABLES;

--
-- Table structure for table `players`
--

DROP TABLE IF EXISTS `players`;
/*!40101 SET @saved_cs_client     = @@character_set_client */;
/*!40101 SET character_set_client = utf8 */;
CREATE TABLE `players` (
  `playerId` varchar(10) NOT NULL,
  `fname` varchar(50) NOT NULL,
  `lname` varchar(50) NOT NULL,
  `team` varchar(3) NOT NULL,
  PRIMARY KEY (`playerId`)
) ENGINE=InnoDB DEFAULT CHARSET=latin1;
/*!40101 SET character_set_client = @saved_cs_client */;

--
-- Dumping data for table `players`
--

LOCK TABLES `players` WRITE;
/*!40000 ALTER TABLE `players` DISABLE KEYS */;
INSERT INTO `players` VALUES ('AbbrJa00','Jared','Abbrederis','GNB'),('AbduAm00','Ameer','Abdullah','DET'),('AbduIs00','Isa','Abdul-Quddus','DET'),('AdamDa01','Davante','Adams','GNB'),('AghoNe00','Nelson','Agholor','PHI'),('AikeKa00','Kamar','Aiken','BAL'),('AjayJa00','Jay','Ajayi','MIA'),('AjirSe00','Seyi','Ajirotutu','PHI'),('AlfoMa00','Mario','Alford','CIN'),('AlleDw00','Dwayne','Allen','IND'),('AlleJa01','Javorius','Allen','BAL'),('AlleKe00','Keenan','Allen','SDG'),('AluaTy99','Tyson','Alualu','JAX'),('AmenDa00','Danny','Amendola','NWE'),('AndeC.00','C.J.','Anderson','DEN'),('AndeCo01','Colt','Anderson','IND'),('AndeDe00','Derek','Anderson','CAR'),('AndrAn00','Antonio','Andrews','TEN'),('ArtiCa00','Cameron','Artis-Payne','CAR'),('AsiaMa00','Matt','Asiata','MIN'),('AustMi00','Miles','Austin','PHI'),('AustTa00','Tavon','Austin','STL'),('AvanJa00','Jason','Avant','KAN'),('BailSt01','Stedman','Bailey','STL'),('BaldDo00','Doug','Baldwin','SEA'),('BarnGa01','Gary','Barnidge','CLE'),('BarnKe00','Kenjon','Barner','PHI'),('BeasCo00','Cole','Beasley','DAL'),('BeckOd00','Odell','Beckham','NYG'),('BellBl00','Blake','Bell','SFO'),('BellJo01','Joique','Bell','DET'),('BellJo02','Josh','Bellamy','CHI'),('BellLe00','Le\'Veon','Bell','PIT'),('BenjTr00','Travis','Benjamin','CLE'),('BennMa00','Martellus','Bennett','CHI'),('BernGi00','Giovani','Bernard','CIN'),('BersBr00','Brenton','Bersin','CAR'),('BibbE.00','E.J.','Bibbs','CLE'),('BlouLe00','LeGarrette','Blount','NWE'),('BlueAl00','Alfred','Blue','HOU'),('BohaTo00','Tommy','Bohanon','NYJ'),('BoldAn00','Anquan','Boldin','SFO'),('BoldBr00','Brandon','Bolden','NWE'),('BortBl00','Blake','Bortles','JAX'),('BoweDw00','Dwayne','Bowe','CLE'),('BoylNi00','Nick','Boyle','BAL'),('BradAh00','Ahmad','Bradshaw','IND'),('BradSa00','Sam','Bradford','PHI'),('BradTo00','Tom','Brady','NWE'),('BratCa00','Cameron','Brate','TAM'),('BreeDr00','Drew','Brees','NOR'),('BridTe00','Teddy','Bridgewater','MIN'),('BritKe00','Kenny','Britt','STL'),('BrowAn04','Antonio','Brown','PIT'),('BrowBr02','Bryce','Brown','SEA'),('BrowDa04','Daniel','Brown','BAL'),('BrowDo00','Donald','Brown','SDG'),('BrowJa03','Jaron','Brown','ARI'),('BrowJo02','John','Brown','ARI'),('BrowMa00','Marlon','Brown','BAL'),('BrowMa03','Malcolm','Brown','STL'),('BrowPh00','Corey','Brown','CAR'),('BrowVi00','Vincent','Brown','SDG'),('BryaDe01','Dez','Bryant','DAL'),('BryaMa00','Martavis','Bryant','PIT'),('BurkRe00','Rex','Burkhead','CIN'),('BurtMi00','Michael','Burton','DET'),('BurtTr01','Trey','Burton','PHI'),('BushRe00','Reggie','Bush','SFO'),('ButlBr00','Brice','Butler','DAL'),('ButlJe01','Jeremy','Butler','BAL'),('CadeTr00','Travaris','Cadet','3TM'),('CaldAn00','Andre','Caldwell','DEN'),('CameJo00','Jordan','Cameron','MIA'),('CampMi02','Michael','Campanaro','BAL'),('CareKa00','Ka\'Deem','Carey','CHI'),('CarrDe00','Derek','Carrier','WAS'),('CarrDe02','Derek','Carr','OAK'),('CassMa00','Matt','Cassel','2TM'),('CeleBr00','Brent','Celek','PHI'),('CeleGa00','Garrett','Celek','SFO'),('ChanSc00','Scott','Chandler','NWE'),('CharJa00','Jamaal','Charles','KAN'),('ClauJi00','Jimmy','Clausen','2TM'),('ClayCh00','Charles','Clay','BUF'),('ClemKe00','Kellen','Clemens','SDG'),('ClevAs00','Asante','Cleveland','NWE'),('ClutTy00','Tyler','Clutts','DAL'),('CoatSa00','Sammie','Coates','PIT'),('CobbDa00','David','Cobb','TEN'),('CobbRa00','Randall','Cobb','GNB'),('CoffCh00','Chase','Coffman','2TM'),('ColeBr00','Brandon','Coleman','NOR'),('ColeDe00','Derrick','Coleman','SEA'),('ColeTe01','Tevin','Coleman','ATL'),('ColsMa00','Marques','Colston','NOR'),('ConlCh00','Chris','Conley','KAN'),('CookBr00','Brandin','Cooks','NOR'),('CookJa02','Jared','Cook','STL'),('CoopAm00','Amari','Cooper','OAK'),('CoopRi00','Riley','Cooper','PHI'),('CotcJe00','Jerricho','Cotchery','CAR'),('CousKi00','Kirk','Cousins','WAS'),('CrabMi00','Michael','Crabtree','OAK'),('CrocJo00','John','Crockett','GNB'),('CrowIs00','Isaiah','Crowell','CLE'),('CrowJa00','Jamison','Crowder','WAS'),('CumbJe00','Jeff','Cumberland','NYJ'),('CunnBe01','Benny','Cunningham','STL'),('CunnJe00','Jerome','Cunningham','NYG'),('CutlJa00','Jay','Cutler','CHI'),('DaltAn00','Andy','Dalton','CIN'),('DaniB.00','B.J.','Daniels','2TM'),('DaniCh00','Chase','Daniel','KAN'),('DaniOw00','Owen','Daniels','DEN'),('DarkOr00','Orleans','Darkwa','NYG'),('DaviAu00','Austin','Davis','CLE'),('DaviCo02','Cody','Davis','STL'),('DaviGe00','Geremy','Davis','NYG'),('DaviKe01','Kellen','Davis','NYJ'),('DaviKn00','Knile','Davis','KAN'),('DaviMi01','Mike','Davis','SFO'),('DaviVe00','Vernon','Davis','2TM'),('DeckEr00','Eric','Decker','NYJ'),('DickEd00','Ed','Dickson','CAR'),('DiggSt00','Stefon','Diggs','MIN'),('DiMaPa00','Patrick','DiMarco','ATL'),('DixoAn00','Anthony','Dixon','BUF'),('DobsAa00','Aaron','Dobson','NWE'),('DonnLa00','Larry','Donnell','NYG'),('DorsPh00','Phillip','Dorsett','IND'),('DougHa00','Harry','Douglas','TEN'),('DoylJa00','Jack','Doyle','IND'),('DrauSh00','Shaun','Draughn','2TM'),('DrayJi00','Jim','Dray','CLE'),('DunbLa00','Lance','Dunbar','DAL'),('DyexDo00','Donteea','Dye','TAM'),('EaslMa00','Marcus','Easley','BUF'),('EbroEr00','Eric','Ebron','DET'),('EdelJu00','Julian','Edelman','NWE'),('EdwaBe00','Ben','Edwards','NYG'),('EifeTy00','Tyler','Eifert','CIN'),('ElliAn00','Andre','Ellington','ARI'),('ElliBr00','Bruce','Ellington','SFO'),('ElliRh00','Rhett','Ellison','MIN'),('EnunQu00','Quincy','Enunwa','NYJ'),('ErtzZa00','Zach','Ertz','PHI'),('EscoGa00','Gavin','Escobar','DAL'),('EvanMi00','Mike','Evans','TAM'),('FasaAn00','Anthony','Fasano','TEN'),('FellDa00','Daniel','Fells','NYG'),('FellDa01','Darren','Fells','ARI'),('FeltJe00','Jerome','Felton','BUF'),('FiedC.00','C.J.','Fiedorowicz','HOU'),('FishJa00','Jake','Fisher','CIN'),('FitzLa00','Larry','Fitzgerald','ARI'),('FitzRy00','Ryan','Fitzpatrick','NYJ'),('FlacJo00','Joe','Flacco','BAL'),('FleeCo00','Coby','Fleener','IND'),('FlowEr00','Ereck','Flowers','NYG'),('FloyMa00','Malcom','Floyd','SDG'),('FloyMi00','Michael','Floyd','ARI'),('FoleNi00','Nick','Foles','STL'),('ForsJu00','Justin','Forsett','BAL'),('FortMa00','Matt','Forte','CHI'),('FostAr00','Arian','Foster','HOU'),('FowlBe00','Bennie','Fowler','DEN'),('FowlJa00','Jalston','Fowler','TEN'),('FreeDe00','Devonta','Freeman','ATL'),('FreeJo00','Josh','Freeman','IND'),('FullCo00','Corey','Fuller','DET'),('FuncDe00','Devin','Funchess','CAR'),('GabbBl00','Blaine','Gabbert','SFO'),('GabrTa00','Taylor','Gabriel','CLE'),('GarcPi00','Pierre','Garcon','WAS'),('GaroJi00','Jimmy','Garoppolo','NWE'),('GaskKe00','Kendall','Gaskins','SFO'),('GateAn00','Antonio','Gates','SDG'),('GerhTo00','Toby','Gerhart','JAX'),('GillCr00','Crockett','Gillmore','BAL'),('GillMi00','Mike','Gillislee','BUF'),('GinnTe00','Ted','Ginn','CAR'),('GiveCh00','Chris','Givens','2TM'),('GoldBr00','Brittan','Golden','ARI'),('GoodMa00','Marquise','Goodwin','BUF'),('GordMe00','Melvin','Gordon','SDG'),('GoreFr00','Frank','Gore','IND'),('GragCh00','Chris','Gragg','BUF'),('GrahGa00','Garrett','Graham','HOU'),('GrahJi00','Jimmy','Graham','SEA'),('GrahT.00','T.J.','Graham','NOR'),('GranCo00','Corey','Grant','JAX'),('GranRy01','Ryan','Grant','WAS'),('GrayJo00','Jonas','Gray','2TM'),('GrayMa00','MarQueis','Gray','BUF'),('GreeA.00','A.J.','Green','CIN'),('GreeDo00','Dorial','Green-Beckham','TEN'),('GreeLa00','Ladarius','Green','SDG'),('GreeRa00','Rashad','Greene','JAX'),('GreeVi00','Virgil','Green','DEN'),('GresJe00','Jermaine','Gresham','ARI'),('GrifRy00','Ryan','Griffin','HOU'),('GrimJo01','Jonathan','Grimes','HOU'),('GronRo00','Rob','Gronkowski','NWE'),('GurlTo01','Todd','Gurley','STL'),('HankLe00','Leonard','Hankerson','3TM'),('HannJa00','James','Hanna','DAL'),('HarbCl00','Clay','Harbor','JAX'),('HardJu00','Justin','Hardy','ATL'),('HarkCo00','Cory','Harkey','STL'),('HarpCh01','Chris','Harper','NWE'),('HarrAl00','Alonzo','Harris','GNB'),('HarrDe03','Demetrius','Harris','KAN'),('HarrDu01','DuJuan','Harris','2TM'),('HarrDw00','Dwayne','Harris','NYG'),('HartBr00','Brian','Hartline','CLE'),('HarvPe00','Percy','Harvin','BUF'),('HassMa00','Matt','Hasselbeck','IND'),('HawkAn00','Andrew','Hawkins','CLE'),('HaynJa00','Jarryd','Hayne','SFO'),('HeatJe00','Jeff','Heath','DAL'),('HekkJo00','Johnny','Hekker','STL'),('HelfCo00','Cooper','Helfet','SEA'),('HeluRo00','Roy','Helu','OAK'),('HernJa00','Javontee','Herndon','SDG'),('HerrDa00','Dan','Herron','2TM'),('HewiRy00','Ryan','Hewitt','CIN'),('HeywDa00','Darrius','Heyward-Bey','PIT'),('HighTi00','Tim','Hightower','NOR'),('HillJe01','Jeremy','Hill','CIN'),('HillJo02','Josh','Hill','NOR'),('HillRo00','Ronnie','Hillman','DEN'),('HillSh00','Shaun','Hill','MIN'),('HiltT.00','T.Y.','Hilton','IND'),('HogaCh00','Chris','Hogan','BUF'),('HolmAn00','Andre','Holmes','OAK'),('HoomMi00','Michael','Hoomanawanui','2TM'),('HopkDe00','DeAndre','Hopkins','HOU'),('HousRo01','Rob','Housler','2TM'),('HoyeBr00','Brian','Hoyer','HOU'),('HuffJo00','Josh','Huff','PHI'),('HumpAd00','Adam','Humphries','TAM'),('HuntAk01','Akeem','Hunt','HOU'),('HuntJu00','Justin','Hunter','TEN'),('HuntKe00','Kendall','Hunter','NOR'),('HurnAl01','Allen','Hurns','JAX'),('HydeCa00','Carlos','Hyde','SFO'),('IngrMa01','Mark','Ingram','NOR'),('InmaDo00','Dontrelle','Inman','SDG'),('IoseJo00','Joey','Iosefa','NWE'),('IupaMi20','Mike','Iupati','ARI'),('IvorCh00','Chris','Ivory','NYJ'),('JackDe00','DeSean','Jackson','WAS'),('JackFr02','Fred','Jackson','SEA'),('JackSt00','Steven','Jackson','NWE'),('JackTa00','Tarvaris','Jackson','SEA'),('JackVi00','Vincent','Jackson','TAM'),('JacoNi00','Nic','Jacobs','JAX'),('JameJe00','Jesse','James','PIT'),('JaniJe00','Jeff','Janis','GNB'),('JeffAl00','Alshon','Jeffery','CHI'),('JennDa00','Darius','Jennings','CLE'),('JennGr00','Greg','Jennings','MIA'),('JennRa00','Rashad','Jennings','NYG'),('JohnAn02','Andre','Johnson','IND'),('JohnAu00','Austin','Johnson','NOR'),('JohnCa00','Calvin','Johnson','DET'),('JohnCh04','Chris','Johnson','ARI'),('JohnCh08','Charles','Johnson','MIN'),('JohnDa04','Damaris','Johnson','NWE'),('JohnDa05','David','Johnson','SDG'),('JohnDa08','David','Johnson','ARI'),('JohnDu00','Duke','Johnson','CLE'),('JohnMa06','Malcolm','Johnson','CLE'),('JohnSt00','Steve','Johnson','SDG'),('JohnWe00','Wesley','Johnson','NYJ'),('JohnWi00','Will','Johnson','PIT'),('JoneJa04','James','Jones','GNB'),('JoneJu02','Julio','Jones','ATL'),('JoneLa02','Landry','Jones','PIT'),('JoneMa02','Marvin','Jones','CIN'),('JoneMa04','Matt','Jones','WAS'),('JoneT.00','T.J.','Jones','DET'),('JoneTa00','Taiwan','Jones','OAK'),('JuszKy00','Kyle','Juszczyk','BAL'),('KaepCo00','Colin','Kaepernick','SFO'),('KearJe01','Jermaine','Kearse','SEA'),('KeenCa00','Case','Keenum','STL'),('KelcTr00','Travis','Kelce','KAN'),('KendLa00','Lance','Kendricks','STL'),('KerlJe00','Jeremy','Kerley','NYJ'),('KochSa20','Sam','Koch','BAL'),('KrauJo00','Jonathan','Krause','PHI'),('KrofTy00','Tyler','Kroft','CIN'),('KuhnJo00','John','Kuhn','GNB'),('LaCoMa00','Matt','LaCosse','NYG'),('LacyEd00','Eddie','Lacy','GNB'),('LaFeBr00','Brandon','LaFell','NWE'),('LammKe00','Kendall','Lamm','HOU'),('LandJa00','Jarvis','Landry','MIA'),('LaneJo00','Jorvorskie','Lane','TAM'),('LangJe00','Jeremy','Langford','CHI'),('LatiCo00','Cody','Latimer','DEN'),('LeexKh00','Khari','Lee','CHI'),('LeexMa00','Marqise','Lee','JAX'),('LeonBr01','Brian','Leonhardt','SFO'),('LeviAn00','Anthony','Levine','BAL'),('LewiDi00','Dion','Lewis','NWE'),('LewiMa00','Marcedes','Lewis','JAX'),('LindRy00','Ryan','Lindley','IND'),('LineZa01','Zach','Line','MIN'),('LockJe00','Jeff','Locke','MIN'),('LockRi00','Ricardo','Lockette','SEA'),('LockTy00','Tyler','Lockett','SEA'),('LuckAn00','Andrew','Luck','IND'),('LyncMa00','Marshawn','Lynch','SEA'),('MaclJe00','Jeremy','Maclin','KAN'),('MageTe00','Terrence','Magee','BAL'),('MallRy00','Ryan','Mallett','2TM'),('MannEl00','Eli','Manning','NYG'),('MannPe00','Peyton','Manning','DEN'),('MannSe00','Sean','Mannion','STL'),('ManuEJ00','EJ','Manuel','BUF'),('ManzJo00','Johnny','Manziel','CLE'),('MariMa00','Marc','Mariani','CHI'),('MariMa01','Marcus','Mariota','TEN'),('MarqBr00','Bradley','Marquez','STL'),('MarsBr00','Brandon','Marshall','NYJ'),('MartDo00','Doug','Martin','TAM'),('MartKe01','Keshawn','Martin','NWE'),('MasoTr00','Tre','Mason','STL'),('MastTi99','Tim','Masthay','GNB'),('MathRy00','Ryan','Mathews','PHI'),('MattCh00','Chris','Matthews','2TM'),('MattJo00','Jordan','Matthews','PHI'),('MattRi00','Rishard','Matthews','MIA'),('McAfPa44','Pat','McAfee','IND'),('McBrTr00','Tre','McBride','TEN'),('McCaA.00','A.J.','McCarron','CIN'),('McClDe00','Dexter','McCluster','TEN'),('McCoCo00','Colt','McCoy','WAS'),('McCoJo01','Josh','McCown','CLE'),('McCoLe01','LeSean','McCoy','BUF'),('McCoLu00','Luke','McCown','NOR'),('McDoVa00','Vance','McDonald','SFO'),('McFaDa00','Darren','McFadden','DAL'),('McGlMa01','Matt','McGloin','OAK'),('McKiJe00','Jerick','McKinnon','MIN'),('MereCa00','Cameron','Meredith','CHI'),('MettZa00','Zach','Mettenberger','TEN'),('MichCh00','Christine','Michael','2TM'),('MillBr02','Bruce','Miller','SFO'),('MillHe00','Heath','Miller','PIT'),('MillLa01','Lamar','Miller','MIA'),('MillZa02','Zach','Miller','CHI'),('MoeaTo00','Tony','Moeaki','ATL'),('MoncDo00','Donte','Moncrief','IND'),('MontTy01','Ty','Montgomery','GNB'),('MoorKe02','Kellen','Moore','DAL'),('MoorLa00','Lance','Moore','DET'),('MoorMa01','Matt','Moore','MIA'),('MoorMa02','Marlon','Moore','CLE'),('MorrAl00','Alfred','Morris','WAS'),('MullMa00','Matthew','Mulligan','BUF'),('MumpKe00','Keith','Mumphery','HOU'),('MurpLo00','Louis','Murphy','TAM'),('MurpMa03','Marcus','Murphy','NOR'),('MurpTy00','Tyler','Murphy','PIT'),('MurrDe00','DeMarco','Murray','PHI'),('MurrLa00','Latavius','Murray','OAK'),('MyerBr00','Brandon','Myers','TAM'),('NassRy00','Ryan','Nassib','NYG'),('NelsJJ00','JJ','Nelson','ARI'),('NewtCa00','Cam','Newton','CAR'),('NickHa01','Hakeem','Nicks','NYG'),('NiklTr00','Troy','Niklas','ARI'),('NixxRo01','Roosevelt','Nix','PIT'),('NortBr00','Brad','Nortman','CAR'),('NorwJo00','Jordan','Norwood','DEN'),('O\'ShJa00','James','O\'Shaughnessy','KAN'),('OlawJa00','Jamize','Olawale','OAK'),('OLeaNi00','Nick','O\'Leary','BUF'),('OlivBr01','Branden','Oliver','SDG'),('OlseGr00','Greg','Olsen','CAR'),('OrloDa00','Dan','Orlovsky','DET'),('OsweBr00','Brock','Osweiler','DEN'),('OwusCh00','Chris','Owusu','NYJ'),('PalmCa00','Carson','Palmer','ARI'),('ParkBr00','Brian','Parker','KAN'),('ParkDe01','DeVante','Parker','MIA'),('ParkPr00','Preston','Parker','NYG'),('PattCo00','Cordarrelle','Patterson','MIN'),('PattQu00','Quinton','Patton','SFO'),('PeadIs00','Isaiah','Pead','STL'),('PennDo20','Donald','Penn','OAK'),('PeriJu00','Justin','Perillo','GNB'),('PeteAd01','Adrian','Peterson','MIN'),('PettBr00','Brandon','Pettigrew','DET'),('PhilJo00','John','Phillips','SDG'),('PierBe00','Bernard','Pierce','JAX'),('PoexDo00','Dontari','Poe','KAN'),('PolkCh00','Chris','Polk','HOU'),('PoweBi00','Bilal','Powell','NYJ'),('PoyeJo00','Jordan','Poyer','CLE'),('ProsJa00','Jay','Prosch','HOU'),('PruiMy00','MyCole','Pruitt','MIN'),('PryoTe00','Terrelle','Pryor','CLE'),('QuarAn00','Andrew','Quarless','GNB'),('QuicBr00','Brian','Quick','STL'),('RainBo00','Bobby','Rainey','TAM'),('RandJo01','Joseph','Randle','DAL'),('RandRu00','Rueben','Randle','NYG'),('RawlTh00','Thomas','Rawls','SEA'),('ReecMa00','Marcel','Reece','OAK'),('ReedJo02','Jordan','Reed','WAS'),('ReitJo00','Joe','Reitz','IND'),('RenfSe00','Sean','Renfree','ATL'),('RichPa01','Paul','Richardson','SEA'),('RiddTh00','Theo','Riddick','DET'),('RidlSt00','Stevan','Ridley','NYJ'),('RipkAa00','Aaron','Ripkowski','GNB'),('RiveMy00','Mychal','Rivera','OAK'),('RivePh00','Philip','Rivers','SDG'),('RobeAn00','Andre','Roberts','WAS'),('RobeSe00','Seth','Roberts','OAK'),('RobiAl02','Allen','Robinson','JAX'),('RobiDe00','Denard','Robinson','JAX'),('RobiJo02','Josh','Robinson','IND'),('RobiKh00','Khiry','Robinson','NOR'),('RodgAa00','Aaron','Rodgers','GNB'),('RodgJa00','Jacquizz','Rodgers','CHI'),('RodgRi00','Richard','Rodgers','GNB'),('RoetBe00','Ben','Roethlisberger','PIT'),('RomoTo00','Tony','Romo','DAL'),('RossJe01','Jeremy','Ross','2TM'),('RossRa00','Rashad','Ross','WAS'),('RoyaEd00','Eddie','Royal','CHI'),('RudoKy00','Kyle','Rudolph','MIN'),('RyanMa00','Matt','Ryan','ATL'),('SalaGr00','Greg','Salas','BUF'),('SancMa00','Mark','Sanchez','PHI'),('SandEm00','Emmanuel','Sanders','DEN'),('SankBi00','Bishop','Sankey','TEN'),('SantCa01','Cairo','Santos','KAN'),('SanuMo00','Mohamed','Sanu','CIN'),('SchaMa00','Matt','Schaub','BAL'),('SchmCo00','Colton','Schmidt','BUF'),('SefeAu00','Austin','Seferian-Jenkins','TAM'),('ShepRu00','Russell','Shepard','TAM'),('SherAn00','Anthony','Sherman','KAN'),('ShorCe00','Cecil','Shorts','HOU'),('SiemTr00','Trevor','Siemian','DEN'),('SimoSc00','Scott','Simonson','CAR'),('SimpJe00','Jerome','Simpson','SFO'),('SimsCh00','Charles','Sims','TAM'),('SimsDi00','Dion','Sims','MIA'),('SmitAl03','Alex','Smith','KAN'),('SmitAn01','Antone','Smith','CHI'),('SmitDe04','Devin','Smith','NYJ'),('SmitGe00','Geno','Smith','NYJ'),('SmitKe04','Kevin','Smith','SEA'),('SmitLe00','Lee','Smith','OAK'),('SmitRo06','Rod','Smith','2TM'),('SmitSt01','Steve','Smith','BAL'),('SmitTo02','Torrey','Smith','SFO'),('SneaWi00','Willie','Snead','NOR'),('SpaeMa00','Matt','Spaeth','PIT'),('SpilC.00','C.J.','Spiller','NOR'),('SproDa00','Darren','Sproles','PHI'),('StacZa00','Zac','Stacy','NYJ'),('StafMa00','Matthew','Stafford','DET'),('StanDr00','Drew','Stanton','ARI'),('StarJa00','James','Starks','GNB'),('StevCr00','Craig','Stevens','TEN'),('StewJo00','Jonathan','Stewart','CAR'),('StilKe00','Kenny','Stills','MIA'),('StocLu00','Luke','Stocker','TAM'),('StonJa01','Jake','Stoneburner','MIA'),('StreDe00','Devin','Street','DAL'),('StreRo00','Rod','Streater','OAK'),('StroJa01','Jaelen','Strong','HOU'),('SupePh00','Phillip','Supernaw','TEN'),('SwaiGe00','Geoff','Swaim','DAL'),('TaliLo00','Lorenzo','Taliaferro','BAL'),('TammJa00','Jacob','Tamme','ATL'),('TannAl00','Alex','Tanney','TEN'),('TannRy00','Ryan','Tannehill','MIA'),('TateBr00','Brandon','Tate','CIN'),('TateGo00','Golden','Tate','DET'),('TaylSt00','Stepfan','Taylor','ARI'),('TaylTy00','Tyrod','Taylor','BUF'),('ThieAd00','Adam','Thielen','MIN'),('ThigMa00','Marcus','Thigpen','2TM'),('ThomCh03','Chris','Thompson','WAS'),('ThomDe03','Demaryius','Thomas','DEN'),('ThomDe04','Deonte','Thompson','CHI'),('ThomDe05','De\'Anthony','Thomas','KAN'),('ThomJu00','Julius','Thomas','JAX'),('ThomJu01','Juwan','Thompson','DEN'),('ThomKe02','Kenbrell','Thompkins','NYJ'),('ThomPi00','Pierre','Thomas','2TM'),('TiptZu01','Zurlon','Tipton','IND'),('TodmJo00','Jordan','Todman','PIT'),('ToilLe00','Levine','Toilolo','ATL'),('TolbMi00','Mike','Tolbert','CAR'),('TolzSc00','Scott','Tolzien','GNB'),('TousFi00','Fitzgerald','Toussaint','PIT'),('TukuWi00','Will','Tukuafu','SEA'),('TurbRo00','Robert','Turbin','2TM'),('TurzAn00','Andrew','Turzilli','TEN'),('TyexWi00','Will','Tye','NYG'),('UzomC.00','C.J.','Uzomah','CIN'),('VargTy00','Tyler','Varga','IND'),('VereSh00','Shane','Vereen','NYG'),('VickMi00','Michael','Vick','PIT'),('WalfCl00','Clive','Walford','OAK'),('WalkHu00','Delanie','Walker','TEN'),('WallDa01','Darren','Waller','BAL'),('WallMi00','Mike','Wallace','MIN'),('WaltBr00','Bryan','Walters','JAX'),('WardTe00','Terron','Ward','ATL'),('WareSp00','Spencer','Ware','KAN'),('WashNa00','Nate','Washington','HOU'),('WashTo00','Tony','Washington','JAX'),('WatkSa00','Sammy','Watkins','BUF'),('WatsBe00','Ben','Watson','NOR'),('WebbJo00','Joe','Webb','CAR'),('WeedBr00','Brandon','Weeden','2TM'),('WeemEr00','Eric','Weems','ATL'),('WelkWe00','Wes','Welker','STL'),('WestCh01','Charcandrick','West','KAN'),('WestTe00','Terrance','West','2TM'),('WhalGr00','Griff','Whalen','IND'),('WheaMa00','Markus','Wheaton','PIT'),('WhitCh02','Charlie','Whitehurst','2TM'),('WhitDe01','DeAndrew','White','SFO'),('WhitFo00','Fozzy','Whittaker','CAR'),('WhitJa02','James','White','NWE'),('WhitLu00','Lucky','Whitehead','DAL'),('WhitMy00','Myles','White','NYG'),('WhitRo00','Roddy','White','ATL'),('WillAn00','Andre','Williams','NYG'),('WillDa05','Damien','Williams','MIA'),('WillDe02','DeAngelo','Williams','PIT'),('WillKa01','Karlos','Williams','BUF'),('WillKa02','Kasen','Williams','SEA'),('WillKe05','Kerwynn','Williams','ARI'),('WillLu00','Luke','Willson','SEA'),('WillMa04','Maxx','Williams','BAL'),('WillMi06','Michael','Williams','NWE'),('WillNi02','Nick','Williams','ATL'),('WillTe01','Terrance','Williams','DAL'),('WillTr03','Trey','Williams','IND'),('WillTy00','Tyrell','Williams','SDG'),('WilsAl02','Albert','Wilson','KAN'),('WilsMa02','Marquess','Wilson','CHI'),('WilsRu00','Russell','Wilson','SEA'),('WinnGe00','George','Winn','DET'),('WinsGl00','Glenn','Winston','CLE'),('WinsJa00','Jameis','Winston','TAM'),('WittJa00','Jason','Witten','DAL'),('WoodCh00','Charles','Woodson','OAK'),('WoodCi00','Cierre','Wood','BUF'),('WoodDa02','Danny','Woodhead','SDG'),('WoodRo02','Robert','Woods','BUF'),('WortCh00','Chandler','Worthy','HOU'),('WrigJa02','Jarius','Wright','MIN'),('WrigKe01','Kendall','Wright','TEN'),('WrigTi01','Tim','Wright','DET'),('YateT.00','T.J.','Yates','HOU'),('YeldT.00','T.J.','Yeldon','JAX'),('YounDa01','Darrel','Young','WAS'),('ZennZa00','Zach','Zenner','DET');
/*!40000 ALTER TABLE `players` ENABLE KEYS */;
UNLOCK TABLES;

--
-- Table structure for table `receivingInfo`
--

DROP TABLE IF EXISTS `receivingInfo`;
/*!40101 SET @saved_cs_client     = @@character_set_client */;
/*!40101 SET character_set_client = utf8 */;
CREATE TABLE `receivingInfo` (
  `receivingId` varchar(23) NOT NULL,
  `playerId` varchar(10) DEFAULT NULL,
  `receptions` int(11) NOT NULL,
  `catchPerc` decimal(5,2) NOT NULL,
  `yards` int(11) NOT NULL,
  `yardsPerRec` decimal(3,1) NOT NULL,
  `touchdowns` int(11) NOT NULL,
  `yardsPerGame` decimal(4,1) NOT NULL,
  PRIMARY KEY (`receivingId`),
  KEY `playerId_fk_players_receiving` (`playerId`),
  CONSTRAINT `playerId_fk_players_receiving` FOREIGN KEY (`playerId`) REFERENCES `players` (`playerId`) ON DELETE CASCADE ON UPDATE CASCADE
) ENGINE=InnoDB DEFAULT CHARSET=latin1;
/*!40101 SET character_set_client = @saved_cs_client */;

--
-- Dumping data for table `receivingInfo`
--

LOCK TABLES `receivingInfo` WRITE;
/*!40000 ALTER TABLE `receivingInfo` DISABLE KEYS */;
INSERT INTO `receivingInfo` VALUES ('AbbrJa00Receiving','AbbrJa00',9,56.30,111,12.3,0,12.3),('AbduAm00Receiving','AbduAm00',25,65.80,183,7.3,1,11.4),('AdamDa01Receiving','AdamDa01',50,53.20,483,9.7,1,37.2),('AghoNe00Receiving','AghoNe00',23,52.30,283,12.3,1,21.8),('AikeKa00Receiving','AikeKa00',75,59.10,944,12.6,5,59.0),('AjayJa00Receiving','AjayJa00',7,63.60,90,12.9,0,10.0),('AjirSe00Receiving','AjirSe00',1,33.30,4,4.0,0,0.3),('AlfoMa00Receiving','AlfoMa00',1,100.00,15,15.0,0,15.0),('AlleDw00Receiving','AlleDw00',16,55.20,109,6.8,1,8.4),('AlleJa01Receiving','AlleJa01',45,72.60,353,7.8,2,22.1),('AlleKe00Receiving','AlleKe00',67,75.30,725,10.8,4,90.6),('AluaTy99Receiving','AluaTy99',2,66.70,19,9.5,0,1.2),('AmenDa00Receiving','AmenDa00',65,74.70,648,10.0,3,46.3),('AndeC.00Receiving','AndeC.00',25,69.40,183,7.3,0,12.2),('AndrAn00Receiving','AndrAn00',21,72.40,174,8.3,0,12.4),('ArtiCa00Receiving','ArtiCa00',5,100.00,58,11.6,0,8.3),('AsiaMa00Receiving','AsiaMa00',19,86.40,132,6.9,0,8.3),('AustMi00Receiving','AustMi00',13,41.90,224,17.2,1,20.4),('AustTa00Receiving','AustTa00',52,59.80,473,9.1,5,29.6),('AvanJa00Receiving','AvanJa00',15,62.50,119,7.9,0,7.4),('BailSt01Receiving','BailSt01',12,48.00,182,15.2,1,22.8),('BaldDo00Receiving','BaldDo00',78,75.70,1069,13.7,14,66.8),('BarnGa01Receiving','BarnGa01',79,63.20,1043,13.2,9,65.2),('BarnKe00Receiving','BarnKe00',9,75.00,22,2.4,0,2.0),('BeasCo00Receiving','BeasCo00',52,69.30,536,10.3,5,33.5),('BeckOd00Receiving','BeckOd00',96,60.80,1450,15.1,13,96.7),('BellBl00Receiving','BellBl00',15,60.00,186,12.4,0,13.3),('BellJo01Receiving','BellJo01',22,81.50,286,13.0,0,22.0),('BellJo02Receiving','BellJo02',19,55.90,224,11.8,2,14.0),('BellLe00Receiving','BellLe00',24,92.30,136,5.7,0,22.7),('BenjTr00Receiving','BenjTr00',68,54.40,966,14.2,5,60.4),('BennMa00Receiving','BennMa00',53,66.30,439,8.3,3,39.9),('BernGi00Receiving','BernGi00',49,74.20,472,9.6,0,29.5),('BersBr00Receiving','BersBr00',9,81.80,119,13.2,0,13.2),('BibbE.00Receiving','BibbE.00',1,50.00,7,7.0,0,1.0),('BlouLe00Receiving','BlouLe00',6,85.70,43,7.2,1,3.6),('BlueAl00Receiving','BlueAl00',15,93.80,109,7.3,1,7.3),('BohaTo00Receiving','BohaTo00',4,50.00,56,14.0,0,3.5),('BoldAn00Receiving','BoldAn00',69,62.20,789,11.4,4,56.4),('BoldBr00Receiving','BoldBr00',19,63.30,180,9.5,2,12.0),('BoweDw00Receiving','BoweDw00',5,38.50,53,10.6,0,7.6),('BoylNi00Receiving','BoylNi00',18,78.30,153,8.5,0,13.9),('BradAh00Receiving','BradAh00',10,71.40,64,6.4,3,10.7),('BradTo00Receiving','BradTo00',1,100.00,36,36.0,0,2.3),('BratCa00Receiving','BratCa00',23,76.70,288,12.5,3,20.6),('BritKe00Receiving','BritKe00',36,50.00,681,18.9,3,42.6),('BrowAn04Receiving','BrowAn04',136,70.50,1834,13.5,10,114.6),('BrowDa04Receiving','BrowDa04',6,54.50,64,10.7,0,10.7),('BrowDo00Receiving','BrowDo00',8,61.50,88,11.0,0,9.8),('BrowJa03Receiving','BrowJa03',11,47.80,144,13.1,1,9.0),('BrowJo02Receiving','BrowJo02',65,64.40,1003,15.4,7,66.9),('BrowMa00Receiving','BrowMa00',14,46.70,112,8.0,0,11.2),('BrowMa03Receiving','BrowMa03',1,100.00,-2,-2.0,0,-2.0),('BrowPh00Receiving','BrowPh00',31,57.40,447,14.4,4,31.9),('BrowVi00Receiving','BrowVi00',1,50.00,22,22.0,0,22.0),('BryaDe01Receiving','BryaDe01',31,43.10,401,12.9,3,44.6),('BryaMa00Receiving','BryaMa00',50,54.30,765,15.3,6,69.5),('BurkRe00Receiving','BurkRe00',10,66.70,94,9.4,1,5.9),('BurtMi00Receiving','BurtMi00',6,100.00,39,6.5,1,2.4),('BurtTr01Receiving','BurtTr01',3,75.00,54,18.0,0,3.4),('BushRe00Receiving','BushRe00',4,40.00,19,4.8,0,3.8),('ButlBr00Receiving','ButlBr00',12,46.20,258,21.5,0,36.9),('ButlJe01Receiving','ButlJe01',31,70.50,363,11.7,0,45.4),('CadeTr00Receiving','CadeTr00',17,77.30,214,12.6,1,30.6),('CaldAn00Receiving','CaldAn00',10,45.50,72,7.2,2,5.1),('CameJo00Receiving','CameJo00',35,50.00,386,11.0,3,24.1),('CampMi02Receiving','CampMi02',5,83.30,35,7.0,0,8.8),('CareKa00Receiving','CareKa00',3,100.00,19,6.3,1,1.9),('CarrDe00Receiving','CarrDe00',17,77.30,141,8.3,1,11.8),('CeleBr00Receiving','CeleBr00',27,77.10,398,14.7,3,24.9),('CeleGa00Receiving','CeleGa00',19,67.90,186,9.8,3,16.9),('ChanSc00Receiving','ChanSc00',23,54.80,259,11.3,4,17.3),('CharJa00Receiving','CharJa00',21,72.40,177,8.4,1,35.4),('ClayCh00Receiving','ClayCh00',51,66.20,528,10.4,3,40.6),('ClevAs00Receiving','ClevAs00',1,100.00,1,1.0,0,0.3),('ClutTy00Receiving','ClutTy00',1,100.00,4,4.0,0,0.3),('CoatSa00Receiving','CoatSa00',1,50.00,11,11.0,0,1.6),('CobbDa00Receiving','CobbDa00',1,50.00,-2,-2.0,0,-0.3),('CobbRa00Receiving','CobbRa00',79,61.20,829,10.5,6,51.8),('CoffCh00Receiving','CoffCh00',8,72.70,71,8.9,1,35.5),('ColeBr00Receiving','ColeBr00',30,61.20,454,15.1,2,28.4),('ColeDe00Receiving','ColeDe00',1,100.00,0,0.0,0,0.0),('ColeTe01Receiving','ColeTe01',2,18.20,14,7.0,0,1.2),('ColsMa00Receiving','ColsMa00',45,67.20,520,11.6,4,40.0),('ConlCh00Receiving','ConlCh00',17,54.80,199,11.7,1,12.4),('CookBr00Receiving','CookBr00',84,65.10,1138,13.5,9,71.1),('CookJa02Receiving','CookJa02',39,52.00,481,12.3,0,30.1),('CoopAm00Receiving','CoopAm00',72,55.40,1070,14.9,6,66.9),('CoopRi00Receiving','CoopRi00',21,51.20,327,15.6,2,20.4),('CotcJe00Receiving','CotcJe00',39,72.20,485,12.4,3,34.6),('CrabMi00Receiving','CrabMi00',85,58.20,922,10.8,9,57.6),('CrowIs00Receiving','CrowIs00',19,86.40,182,9.6,1,11.4),('CrowJa00Receiving','CrowJa00',59,75.60,604,10.2,2,37.8),('CumbJe00Receiving','CumbJe00',5,35.70,77,15.4,0,5.1),('CunnBe01Receiving','CunnBe01',26,72.20,250,9.6,0,15.6),('CunnJe00Receiving','CunnJe00',8,50.00,59,7.4,0,6.6),('DaniB.00Receiving','DaniB.00',2,100.00,18,9.0,0,2.3),('DaniOw00Receiving','DaniOw00',46,59.70,517,11.2,3,32.3),('DarkOr00Receiving','DarkOr00',3,60.00,31,10.3,0,1.9),('DaviCo02Receiving','DaviCo02',1,50.00,20,20.0,0,1.3),('DaviGe00Receiving','DaviGe00',2,66.70,21,10.5,0,2.1),('DaviKe01Receiving','DaviKe01',3,27.30,18,6.0,1,1.1),('DaviKn00Receiving','DaviKn00',2,66.70,24,12.0,0,1.7),('DaviMi01Receiving','DaviMi01',7,53.80,38,5.4,0,6.3),('DaviVe00Receiving','DaviVe00',38,65.50,395,10.4,0,26.3),('DeckEr00Receiving','DeckEr00',80,60.60,1027,12.8,12,68.5),('DickEd00Receiving','DickEd00',17,65.40,121,7.1,2,7.6),('DiggSt00Receiving','DiggSt00',52,61.90,720,13.8,4,55.4),('DiMaPa00Receiving','DiMaPa00',13,76.50,110,8.5,2,6.9),('DixoAn00Receiving','DixoAn00',6,85.70,44,7.3,0,2.8),('DobsAa00Receiving','DobsAa00',13,61.90,141,10.8,0,17.6),('DonnLa00Receiving','DonnLa00',29,70.70,223,7.7,2,27.9),('DorsPh00Receiving','DorsPh00',18,46.20,225,12.5,1,20.5),('DougHa00Receiving','DougHa00',36,50.00,411,11.4,2,29.4),('DoylJa00Receiving','DoylJa00',12,85.70,72,6.0,1,4.5),('DrauSh00Receiving','DrauSh00',27,77.10,176,6.5,0,16.0),('DrayJi00Receiving','DrayJi00',6,37.50,61,10.2,0,3.8),('DunbLa00Receiving','DunbLa00',21,91.30,215,10.2,0,53.8),('DyexDo00Receiving','DyexDo00',11,36.70,132,12.0,1,13.2),('EaslMa00Receiving','EaslMa00',1,33.30,58,58.0,1,4.5),('EbroEr00Receiving','EbroEr00',47,67.10,537,11.4,5,38.4),('EdelJu00Receiving','EdelJu00',61,69.30,692,11.3,7,76.9),('EdwaBe00Receiving','EdwaBe00',1,50.00,9,9.0,0,4.5),('EifeTy00Receiving','EifeTy00',52,70.30,615,11.8,13,47.3),('ElliAn00Receiving','ElliAn00',15,62.50,148,9.9,0,14.8),('ElliBr00Receiving','ElliBr00',13,68.40,153,11.8,0,11.8),('ElliRh00Receiving','ElliRh00',11,57.90,124,11.3,1,8.3),('EnunQu00Receiving','EnunQu00',22,47.80,315,14.3,0,26.3),('ErtzZa00Receiving','ErtzZa00',75,67.00,853,11.4,2,56.9),('EscoGa00Receiving','EscoGa00',8,61.50,64,8.0,1,4.6),('EvanMi00Receiving','EvanMi00',74,50.00,1206,16.3,3,80.4),('FasaAn00Receiving','FasaAn00',26,61.90,289,11.1,2,18.1),('FellDa00Receiving','FellDa00',6,85.70,60,10.0,0,30.0),('FellDa01Receiving','FellDa01',21,75.00,311,14.8,3,22.2),('FeltJe00Receiving','FeltJe00',1,50.00,12,12.0,0,0.8),('FiedC.00Receiving','FiedC.00',17,70.80,167,9.8,1,10.4),('FishJa00Receiving','FishJa00',1,20.00,31,31.0,0,2.2),('FitzLa00Receiving','FitzLa00',109,75.20,1215,11.1,9,75.9),('FleeCo00Receiving','FleeCo00',54,64.30,491,9.1,3,30.7),('FlowEr00Receiving','FlowEr00',1,100.00,-11,-11.0,0,-0.7),('FloyMa00Receiving','FloyMa00',30,44.10,561,18.7,3,37.4),('FloyMi00Receiving','FloyMi00',52,58.40,849,16.3,6,56.6),('ForsJu00Receiving','ForsJu00',31,75.60,153,4.9,0,15.3),('FortMa00Receiving','FortMa00',44,75.90,389,8.8,3,29.9),('FostAr00Receiving','FostAr00',22,78.60,227,10.3,2,56.8),('FowlBe00Receiving','FowlBe00',16,64.00,203,12.7,0,12.7),('FowlJa00Receiving','FowlJa00',5,83.30,44,8.8,1,2.8),('FreeDe00Receiving','FreeDe00',73,75.30,578,7.9,3,38.5),('FullCo00Receiving','FullCo00',4,44.40,76,19.0,0,6.3),('FuncDe00Receiving','FuncDe00',31,49.20,473,15.3,5,29.6),('GabrTa00Receiving','GabrTa00',28,58.30,241,8.6,0,18.5),('GarcPi00Receiving','GarcPi00',72,64.90,777,10.8,6,48.6),('GaskKe00Receiving','GaskKe00',8,80.00,69,8.6,0,7.7),('GateAn00Receiving','GateAn00',56,65.90,630,11.3,5,57.3),('GerhTo00Receiving','GerhTo00',3,60.00,23,7.7,0,3.3),('GillCr00Receiving','GillCr00',33,70.20,412,12.5,4,41.2),('GillMi00Receiving','GillMi00',6,85.70,29,4.8,0,5.8),('GinnTe00Receiving','GinnTe00',44,45.40,739,16.8,10,49.3),('GiveCh00Receiving','GiveCh00',20,37.00,353,17.7,1,23.5),('GoldBr00Receiving','GoldBr00',1,100.00,5,5.0,0,0.3),('GoodMa00Receiving','GoodMa00',2,100.00,24,12.0,0,12.0),('GordMe00Receiving','GordMe00',33,89.20,192,5.8,0,13.7),('GoreFr00Receiving','GoreFr00',34,58.60,267,7.9,1,16.7),('GragCh00Receiving','GragCh00',12,60.00,150,12.5,0,11.5),('GrahGa00Receiving','GrahGa00',4,21.10,30,7.5,1,3.8),('GrahJi00Receiving','GrahJi00',48,64.90,605,12.6,2,55.0),('GrahT.00Receiving','GrahT.00',4,100.00,24,6.0,0,6.0),('GranCo00Receiving','GranCo00',2,66.70,13,6.5,0,2.2),('GranRy01Receiving','GranRy01',23,54.80,268,11.7,2,16.8),('GrayJo00Receiving','GrayJo00',7,87.50,76,10.9,0,9.5),('GrayMa00Receiving','GrayMa00',1,100.00,2,2.0,0,0.5),('GreeA.00Receiving','GreeA.00',86,65.20,1297,15.1,10,81.1),('GreeDo00Receiving','GreeDo00',32,47.80,549,17.2,4,34.3),('GreeLa00Receiving','GreeLa00',37,58.70,429,11.6,4,33.0),('GreeRa00Receiving','GreeRa00',19,54.30,93,4.9,2,10.3),('GreeVi00Receiving','GreeVi00',12,80.00,173,14.4,1,10.8),('GresJe00Receiving','GresJe00',18,56.30,223,12.4,1,14.9),('GrifRy00Receiving','GrifRy00',20,58.80,251,12.6,2,27.9),('GrimJo01Receiving','GrimJo01',26,83.90,173,6.7,1,12.4),('GronRo00Receiving','GronRo00',72,60.00,1176,16.3,11,78.4),('GurlTo01Receiving','GurlTo01',21,80.80,188,9.0,0,14.5),('HankLe00Receiving','HankLe00',26,56.50,327,12.6,3,32.7),('HannJa00Receiving','HannJa00',9,64.30,79,8.8,0,5.6),('HarbCl00Receiving','HarbCl00',14,70.00,149,10.6,1,9.9),('HardJu00Receiving','HardJu00',21,58.30,194,9.2,0,21.6),('HarkCo00Receiving','HarkCo00',5,83.30,26,5.2,0,1.6),('HarpCh01Receiving','HarpCh01',1,33.30,6,6.0,0,1.2),('HarrDe03Receiving','HarrDe03',7,63.60,74,10.6,1,4.6),('HarrDu01Receiving','HarrDu01',9,64.30,97,10.8,0,24.3),('HarrDw00Receiving','HarrDw00',36,63.20,396,11.0,4,26.4),('HartBr00Receiving','HartBr00',46,59.70,523,11.4,2,43.6),('HarvPe00Receiving','HarvPe00',19,63.30,218,11.5,1,43.6),('HawkAn00Receiving','HawkAn00',27,62.80,276,10.2,0,34.5),('HaynJa00Receiving','HaynJa00',6,85.70,27,4.5,0,3.4),('HelfCo00Receiving','HelfCo00',13,59.10,130,10.0,0,10.0),('HeluRo00Receiving','HeluRo00',9,56.30,75,8.3,1,8.3),('HernJa00Receiving','HernJa00',24,72.70,195,8.1,0,24.4),('HerrDa00Receiving','HerrDa00',9,90.00,47,5.2,0,4.7),('HewiRy00Receiving','HewiRy00',8,66.70,99,12.4,0,6.6),('HeywDa00Receiving','HeywDa00',21,53.80,314,15.0,2,19.6),('HighTi00Receiving','HighTi00',12,92.30,129,10.8,0,16.1),('HillJe01Receiving','HillJe01',15,78.90,79,5.3,1,4.9),('HillJo02Receiving','HillJo02',16,53.30,120,7.5,2,7.5),('HillRo00Receiving','HillRo00',24,68.60,111,4.6,0,6.9),('HiltT.00Receiving','HiltT.00',69,51.50,1124,16.3,5,70.3),('HogaCh00Receiving','HogaCh00',36,61.00,450,12.5,2,28.1),('HolmAn00Receiving','HolmAn00',14,42.40,201,14.4,4,12.6),('HoomMi00Receiving','HoomMi00',11,68.80,76,6.9,3,5.4),('HopkDe00Receiving','HopkDe00',111,57.80,1521,13.7,11,95.1),('HousRo01Receiving','HousRo01',4,57.10,33,8.3,0,3.3),('HuffJo00Receiving','HuffJo00',27,64.30,312,11.6,3,20.8),('HumpAd00Receiving','HumpAd00',27,67.50,260,9.6,1,20.0),('HuntAk01Receiving','HuntAk01',6,60.00,39,6.5,0,5.6),('HuntJu00Receiving','HuntJu00',22,71.00,264,12.0,1,29.3),('HurnAl01Receiving','HurnAl01',64,61.00,1031,16.1,10,68.7),('HydeCa00Receiving','HydeCa00',11,73.30,53,4.8,0,7.6),('IngrMa01Receiving','IngrMa01',50,83.30,405,8.1,0,33.8),('InmaDo00Receiving','InmaDo00',35,55.60,486,13.9,3,34.7),('IupaMi20Receiving','IupaMi20',1,100.00,10,10.0,0,0.8),('IvorCh00Receiving','IvorCh00',30,81.10,217,7.2,1,14.5),('JackDe00Receiving','JackDe00',30,61.20,528,17.6,4,52.8),('JackFr02Receiving','JackFr02',32,78.00,257,8.0,2,16.1),('JackSt00Receiving','JackSt00',1,100.00,20,20.0,0,10.0),('JackVi00Receiving','JackVi00',33,53.20,543,16.5,3,54.3),('JacoNi00Receiving','JacoNi00',1,33.30,6,6.0,0,0.5),('JameJe00Receiving','JameJe00',8,72.70,56,7.0,1,7.0),('JaniJe00Receiving','JaniJe00',2,16.70,79,39.5,0,4.9),('JeffAl00Receiving','JeffAl00',54,57.40,807,14.9,4,89.7),('JennDa00Receiving','JennDa00',14,66.70,117,8.4,0,29.3),('JennGr00Receiving','JennGr00',19,52.80,208,10.9,1,13.0),('JennRa00Receiving','JennRa00',29,72.50,296,10.2,1,18.5),('JohnAn02Receiving','JohnAn02',41,53.20,503,12.3,4,31.4),('JohnAu00Receiving','JohnAu00',5,62.50,30,6.0,0,3.0),('JohnCa00Receiving','JohnCa00',88,59.10,1214,13.8,9,75.9),('JohnCh04Receiving','JohnCh04',6,46.20,58,9.7,0,5.3),('JohnCh08Receiving','JohnCh08',9,69.20,127,14.1,0,11.5),('JohnDa05Receiving','JohnDa05',1,50.00,4,4.0,0,0.3),('JohnDa08Receiving','JohnDa08',36,63.20,457,12.7,4,28.6),('JohnDu00Receiving','JohnDu00',61,82.40,534,8.8,2,33.4),('JohnMa06Receiving','JohnMa06',4,66.70,15,3.8,0,1.3),('JohnSt00Receiving','JohnSt00',45,69.20,497,11.0,3,49.7),('JohnWe00Receiving','JohnWe00',1,100.00,-5,-5.0,0,-0.5),('JohnWi00Receiving','JohnWi00',2,50.00,16,8.0,0,1.0),('JoneJa04Receiving','JoneJa04',50,50.50,890,17.8,8,55.6),('JoneJu02Receiving','JoneJu02',136,67.00,1871,13.8,8,116.9),('JoneMa02Receiving','JoneMa02',65,63.10,816,12.6,4,51.0),('JoneMa04Receiving','JoneMa04',19,76.00,304,16.0,1,23.4),('JoneT.00Receiving','JoneT.00',10,55.60,132,13.2,1,13.2),('JoneTa00Receiving','JoneTa00',7,77.80,106,15.1,1,8.8),('JuszKy00Receiving','JuszKy00',41,73.20,321,7.8,4,20.1),('KearJe01Receiving','KearJe01',49,72.10,685,14.0,5,42.8),('KelcTr00Receiving','KelcTr00',72,69.90,875,12.2,5,54.7),('KendLa00Receiving','KendLa00',25,69.40,245,9.8,2,16.3),('KerlJe00Receiving','KerlJe00',16,61.50,152,9.5,2,9.5),('KrauJo00Receiving','KrauJo00',2,50.00,11,5.5,0,5.5),('KrofTy00Receiving','KrofTy00',11,73.30,129,11.7,1,8.1),('KuhnJo00Receiving','KuhnJo00',6,60.00,56,9.3,0,3.5),('LaCoMa00Receiving','LaCoMa00',3,100.00,22,7.3,0,11.0),('LacyEd00Receiving','LacyEd00',20,71.40,188,9.4,2,12.5),('LaFeBr00Receiving','LaFeBr00',37,50.00,515,13.9,0,46.8),('LammKe00Receiving','LammKe00',1,100.00,7,7.0,0,0.5),('LandJa00Receiving','LandJa00',110,66.30,1157,10.5,4,72.3),('LaneJo00Receiving','LaneJo00',2,100.00,13,6.5,0,0.8),('LangJe00Receiving','LangJe00',22,52.40,279,12.7,1,17.4),('LatiCo00Receiving','LatiCo00',6,54.50,59,9.8,1,4.2),('LeexKh00Receiving','LeexKh00',1,33.30,7,7.0,0,0.4),('LeexMa00Receiving','LeexMa00',15,46.90,191,12.7,1,19.1),('LeonBr01Receiving','LeonBr01',1,100.00,4,4.0,0,1.0),('LewiDi00Receiving','LewiDi00',36,72.00,388,10.8,2,55.4),('LewiMa00Receiving','LewiMa00',16,43.20,226,14.1,0,14.1),('LineZa01Receiving','LineZa01',6,66.70,95,15.8,1,5.9),('LockRi00Receiving','LockRi00',4,57.10,69,17.3,1,8.6),('LockTy00Receiving','LockTy00',51,73.90,664,13.0,6,41.5),('LyncMa00Receiving','LyncMa00',13,61.90,80,6.2,0,11.4),('MaclJe00Receiving','MaclJe00',87,70.20,1088,12.5,8,72.5),('MageTe00Receiving','MageTe00',1,100.00,2,2.0,0,0.7),('MariMa00Receiving','MariMa00',22,66.70,300,13.6,0,18.8),('MariMa01Receiving','MariMa01',1,100.00,41,41.0,1,3.4),('MarqBr00Receiving','MarqBr00',13,59.10,88,6.8,0,5.5),('MarsBr00Receiving','MarsBr00',109,63.00,1502,13.8,14,93.9),('MartDo00Receiving','MartDo00',33,75.00,271,8.2,1,16.9),('MartKe01Receiving','MartKe01',24,64.90,269,11.2,2,29.9),('MasoTr00Receiving','MasoTr00',18,72.00,88,4.9,0,6.8),('MathRy00Receiving','MathRy00',20,71.40,146,7.3,1,11.2),('MattCh00Receiving','MattCh00',13,52.00,151,11.6,1,11.6),('MattJo00Receiving','MattJo00',85,67.50,997,11.7,8,62.3),('MattRi00Receiving','MattRi00',43,70.50,662,15.4,4,60.2),('McBrTr00Receiving','McBrTr00',2,50.00,8,4.0,1,1.1),('McClDe00Receiving','McClDe00',31,75.60,260,8.4,1,23.6),('McCoLe01Receiving','McCoLe01',32,64.00,292,9.1,2,24.3),('McDoVa00Receiving','McDoVa00',30,65.20,326,10.9,3,23.3),('McFaDa00Receiving','McFaDa00',40,75.50,328,8.2,0,20.5),('McKiJe00Receiving','McKiJe00',21,72.40,173,8.2,1,10.8),('MereCa00Receiving','MereCa00',11,68.80,120,10.9,0,10.9),('MichCh00Receiving','MichCh00',3,50.00,16,5.3,0,2.0),('MillBr02Receiving','MillBr02',10,71.40,135,13.5,0,8.4),('MillHe00Receiving','MillHe00',60,74.10,535,8.9,2,35.7),('MillLa01Receiving','MillLa01',47,82.50,397,8.4,2,24.8),('MillZa02Receiving','MillZa02',34,73.90,439,12.9,5,29.3),('MoeaTo00Receiving','MoeaTo00',3,60.00,58,19.3,1,5.8),('MoncDo00Receiving','MoncDo00',64,61.00,733,11.5,6,45.8),('MontTy01Receiving','MontTy01',15,78.90,136,9.1,2,22.7),('MoorLa00Receiving','MoorLa00',29,67.40,337,11.6,4,24.1),('MoorMa02Receiving','MoorMa02',7,70.00,81,11.6,1,5.8),('MorrAl00Receiving','MorrAl00',10,76.90,55,5.5,0,3.4),('MullMa00Receiving','MullMa00',1,100.00,2,2.0,0,0.2),('MumpKe00Receiving','MumpKe00',14,43.80,129,9.2,0,8.1),('MurpLo00Receiving','MurpLo00',10,55.60,198,19.8,0,33.0),('MurpTy00Receiving','MurpTy00',1,100.00,16,16.0,0,8.0),('MurrDe00Receiving','MurrDe00',44,80.00,322,7.3,1,21.5),('MurrLa00Receiving','MurrLa00',41,77.40,232,5.7,0,14.5),('MyerBr00Receiving','MyerBr00',12,70.60,127,10.6,0,11.5),('NelsJJ00Receiving','NelsJJ00',11,40.70,299,27.2,2,27.2),('NickHa01Receiving','NickHa01',7,50.00,54,7.7,0,9.0),('NiklTr00Receiving','NiklTr00',4,100.00,33,8.3,2,2.1),('NixxRo01Receiving','NixxRo01',2,66.70,16,8.0,0,1.1),('NorwJo00Receiving','NorwJo00',22,68.80,207,9.4,0,18.8),('O\'ShJa00Receiving','O\'ShJa00',6,66.70,87,14.5,0,12.4),('OlawJa00Receiving','OlawJa00',9,81.80,84,9.3,0,6.0),('OLeaNi00Receiving','OLeaNi00',1,33.30,37,37.0,0,9.3),('OlivBr01Receiving','OlivBr01',13,86.70,112,8.6,0,14.0),('OlseGr00Receiving','OlseGr00',77,62.10,1104,14.3,7,69.0),('OwusCh00Receiving','OwusCh00',6,46.20,80,13.3,0,26.7),('ParkBr00Receiving','ParkBr00',1,50.00,6,6.0,0,0.7),('ParkDe01Receiving','ParkDe01',26,52.00,494,19.0,3,32.9),('ParkPr00Receiving','ParkPr00',5,41.70,40,8.0,0,20.0),('PattCo00Receiving','PattCo00',2,100.00,10,5.0,0,0.6),('PattQu00Receiving','PattQu00',30,52.60,394,13.1,1,24.6),('PennDo20Receiving','PennDo20',1,100.00,3,3.0,0,0.2),('PeriJu00Receiving','PeriJu00',11,84.60,102,9.3,1,11.3),('PeteAd01Receiving','PeteAd01',30,83.30,222,7.4,0,13.9),('PettBr00Receiving','PettBr00',7,46.70,67,9.6,1,8.4),('PhilJo00Receiving','PhilJo00',10,90.90,69,6.9,1,4.3),('PierBe00Receiving','PierBe00',3,60.00,7,2.3,0,1.0),('PolkCh00Receiving','PolkCh00',16,57.10,109,6.8,1,7.3),('PoweBi00Receiving','PoweBi00',47,74.60,388,8.3,2,35.3),('PruiMy00Receiving','PruiMy00',10,62.50,89,8.9,0,5.6),('PryoTe00Receiving','PryoTe00',1,12.50,42,42.0,0,14.0),('QuarAn00Receiving','QuarAn00',4,80.00,31,7.8,0,6.2),('QuicBr00Receiving','QuicBr00',10,31.30,102,10.2,0,7.8),('RainBo00Receiving','RainBo00',3,100.00,16,5.3,0,1.0),('RandJo01Receiving','RandJo01',10,100.00,86,8.6,0,14.3),('RandRu00Receiving','RandRu00',57,63.30,797,14.0,8,49.8),('RawlTh00Receiving','RawlTh00',9,81.80,76,8.4,1,5.8),('ReecMa00Receiving','ReecMa00',30,81.10,269,9.0,3,17.9),('ReedJo02Receiving','ReedJo02',87,76.30,952,10.9,11,68.0),('RichPa01Receiving','RichPa01',1,100.00,40,40.0,0,40.0),('RiddTh00Receiving','RiddTh00',80,80.80,697,8.7,3,43.6),('RidlSt00Receiving','RidlSt00',4,80.00,-2,-0.5,0,-0.2),('RipkAa00Receiving','RipkAa00',1,100.00,18,18.0,0,1.2),('RiveMy00Receiving','RiveMy00',32,69.60,280,8.8,1,17.5),('RobeAn00Receiving','RobeAn00',11,52.40,135,12.3,0,15.0),('RobeSe00Receiving','RobeSe00',32,58.20,480,15.0,5,30.0),('RobiAl02Receiving','RobiAl02',80,53.00,1400,17.5,14,87.5),('RobiDe00Receiving','RobiDe00',21,70.00,164,7.8,0,12.6),('RobiJo02Receiving','RobiJo02',6,100.00,33,5.5,0,6.6),('RobiKh00Receiving','RobiKh00',17,85.00,115,6.8,0,14.4),('RodgJa00Receiving','RodgJa00',1,33.30,10,10.0,0,2.0),('RodgRi00Receiving','RodgRi00',58,68.20,510,8.8,8,31.9),('RossJe01Receiving','RossJe01',9,64.30,88,9.8,0,8.0),('RossRa00Receiving','RossRa00',8,61.50,184,23.0,1,14.2),('RoyaEd00Receiving','RoyaEd00',37,74.00,238,6.4,1,26.4),('RudoKy00Receiving','RudoKy00',49,67.10,495,10.1,5,30.9),('SalaGr00Receiving','SalaGr00',3,60.00,41,13.7,0,20.5),('SandEm00Receiving','SandEm00',76,55.90,1135,14.9,6,75.7),('SankBi00Receiving','SankBi00',14,63.60,139,9.9,1,10.7),('SanuMo00Receiving','SanuMo00',33,67.30,394,11.9,0,24.6),('SefeAu00Receiving','SefeAu00',21,53.80,338,16.1,4,48.3),('ShepRu00Receiving','ShepRu00',3,33.30,28,9.3,1,2.2),('SherAn00Receiving','SherAn00',4,80.00,34,8.5,0,2.1),('ShorCe00Receiving','ShorCe00',42,56.00,484,11.5,2,44.0),('SimoSc00Receiving','SimoSc00',1,100.00,10,10.0,0,1.1),('SimpJe00Receiving','SimpJe00',5,26.30,54,10.8,1,10.8),('SimsCh00Receiving','SimsCh00',51,72.90,561,11.0,4,35.1),('SimsDi00Receiving','SimsDi00',18,72.00,127,7.1,1,9.8),('SmitDe04Receiving','SmitDe04',9,32.10,115,12.8,1,11.5),('SmitKe04Receiving','SmitKe04',3,60.00,43,14.3,0,6.1),('SmitLe00Receiving','SmitLe00',12,92.30,70,5.8,1,4.7),('SmitRo06Receiving','SmitRo06',1,50.00,6,6.0,0,0.5),('SmitSt01Receiving','SmitSt01',46,63.00,670,14.6,3,95.7),('SmitTo02Receiving','SmitTo02',33,53.20,663,20.1,4,41.4),('SneaWi00Receiving','SneaWi00',69,68.30,984,14.3,3,65.6),('SpaeMa00Receiving','SpaeMa00',2,66.70,10,5.0,0,0.8),('SpilC.00Receiving','SpilC.00',34,77.30,239,7.0,2,18.4),('SproDa00Receiving','SproDa00',55,66.30,388,7.1,1,24.3),('StacZa00Receiving','StacZa00',9,75.00,65,7.2,0,8.1),('StafMa00Receiving','StafMa00',1,100.00,-6,-6.0,0,-0.4),('StarJa00Receiving','StarJa00',43,81.10,392,9.1,3,24.5),('StevCr00Receiving','StevCr00',12,75.00,121,10.1,2,7.6),('StewJo00Receiving','StewJo00',16,76.20,99,6.2,1,7.6),('StilKe00Receiving','StilKe00',27,42.90,440,16.3,3,27.5),('StocLu00Receiving','StocLu00',9,69.20,61,6.8,1,4.4),('StonJa01Receiving','StonJa01',5,100.00,47,9.4,2,4.3),('StreDe00Receiving','StreDe00',7,53.80,114,16.3,1,8.1),('StreRo00Receiving','StreRo00',1,100.00,8,8.0,0,8.0),('StroJa01Receiving','StroJa01',14,58.30,161,11.5,3,16.1),('SupePh00Receiving','SupePh00',3,75.00,32,10.7,0,2.0),('SwaiGe00Receiving','SwaiGe00',1,100.00,0,0.0,0,0.0),('TaliLo00Receiving','TaliLo00',5,100.00,29,5.8,0,9.7),('TammJa00Receiving','TammJa00',59,72.80,657,11.1,1,43.8),('TannRy00Receiving','TannRy00',1,100.00,9,9.0,0,0.6),('TateBr00Receiving','TateBr00',2,66.70,59,29.5,1,3.7),('TateGo00Receiving','TateGo00',90,70.30,813,9.0,6,50.8),('TaylSt00Receiving','TaylSt00',1,33.30,4,4.0,0,0.3),('TaylTy00Receiving','TaylTy00',1,100.00,4,4.0,0,0.3),('ThieAd00Receiving','ThieAd00',12,66.70,144,12.0,0,9.0),('ThomCh03Receiving','ThomCh03',35,72.90,240,6.9,2,18.5),('ThomDe03Receiving','ThomDe03',105,59.30,1304,12.4,6,81.5),('ThomDe04Receiving','ThomDe04',2,66.70,81,40.5,0,11.6),('ThomDe05Receiving','ThomDe05',17,68.00,140,8.2,1,14.0),('ThomJu00Receiving','ThomJu00',46,57.50,455,9.9,5,37.9),('ThomJu01Receiving','ThomJu01',6,66.70,51,8.5,0,3.4),('ThomKe02Receiving','ThomKe02',17,51.50,165,9.7,0,23.6),('ThomPi00Receiving','ThomPi00',9,81.80,84,9.3,0,16.8),('TiptZu01Receiving','TiptZu01',5,62.50,57,11.4,0,5.7),('ToilLe00Receiving','ToilLe00',7,58.30,44,6.3,0,2.8),('TolbMi00Receiving','TolbMi00',18,78.30,154,8.6,3,9.6),('TukuWi00Receiving','TukuWi00',1,100.00,7,7.0,1,0.5),('TurbRo00Receiving','TurbRo00',7,70.00,23,3.3,0,2.3),('TurzAn00Receiving','TurzAn00',2,100.00,25,12.5,0,8.3),('TyexWi00Receiving','TyexWi00',42,67.70,464,11.0,3,35.7),('UzomC.00Receiving','UzomC.00',1,100.00,4,4.0,0,0.8),('VargTy00Receiving','VargTy00',1,50.00,18,18.0,0,6.0),('VereSh00Receiving','VereSh00',59,72.80,494,8.4,4,30.9),('WalfCl00Receiving','WalfCl00',28,56.00,329,11.8,3,20.6),('WalkHu00Receiving','WalkHu00',94,70.70,1088,11.6,6,72.5),('WallDa01Receiving','WallDa01',2,33.30,18,9.0,0,3.0),('WallMi00Receiving','WallMi00',39,54.20,473,12.1,2,29.6),('WaltBr00Receiving','WaltBr00',32,71.10,368,11.5,1,33.5),('WardTe00Receiving','WardTe00',9,69.20,73,8.1,0,5.6),('WareSp00Receiving','WareSp00',6,100.00,5,0.8,0,0.5),('WashNa00Receiving','WashNa00',47,50.00,658,14.0,4,47.0),('WatkSa00Receiving','WatkSa00',60,62.50,1047,17.5,9,80.5),('WatsBe00Receiving','WatsBe00',74,67.30,825,11.1,6,51.6),('WeemEr00Receiving','WeemEr00',1,100.00,11,11.0,0,0.7),('WelkWe00Receiving','WelkWe00',13,59.10,102,7.8,0,12.8),('WestCh01Receiving','WestCh01',20,58.80,214,10.7,1,14.3),('WestTe00Receiving','WestTe00',4,80.00,21,5.3,0,2.6),('WhalGr00Receiving','WhalGr00',19,73.10,205,10.8,1,14.6),('WheaMa00Receiving','WheaMa00',44,55.70,749,17.0,5,46.8),('WhitDe01Receiving','WhitDe01',2,100.00,18,9.0,0,4.5),('WhitFo00Receiving','WhitFo00',12,80.00,64,5.3,0,4.3),('WhitJa02Receiving','WhitJa02',40,74.10,410,10.3,4,29.3),('WhitLu00Receiving','WhitLu00',6,75.00,16,2.7,0,1.1),('WhitMy00Receiving','WhitMy00',7,35.00,88,12.6,1,7.3),('WhitRo00Receiving','WhitRo00',43,61.40,506,11.8,1,31.6),('WillAn00Receiving','WillAn00',1,33.30,7,7.0,0,0.4),('WillDa05Receiving','WillDa05',21,75.00,142,6.8,1,8.9),('WillDe02Receiving','WillDe02',40,85.10,367,9.2,0,22.9),('WillKa01Receiving','WillKa01',11,78.60,96,8.7,2,8.7),('WillKa02Receiving','WillKa02',1,100.00,8,8.0,0,4.0),('WillKe05Receiving','WillKe05',2,100.00,16,8.0,0,2.7),('WillLu00Receiving','WillLu00',17,65.40,213,12.5,1,15.2),('WillMa04Receiving','WillMa04',32,66.70,268,8.4,1,19.1),('WillMi06Receiving','WillMi06',3,50.00,26,8.7,0,1.7),('WillNi02Receiving','WillNi02',17,68.00,159,9.4,2,11.4),('WillTe01Receiving','WillTe01',52,55.90,840,16.2,3,52.5),('WillTy00Receiving','WillTy00',2,40.00,90,45.0,1,22.5),('WilsAl02Receiving','WilsAl02',35,61.40,451,12.9,2,32.2),('WilsMa02Receiving','WilsMa02',28,54.90,464,16.6,1,42.2),('WittJa00Receiving','WittJa00',77,74.00,713,9.3,3,44.6),('WoodCi00Receiving','WoodCi00',1,100.00,-6,-6.0,0,-3.0),('WoodDa02Receiving','WoodDa02',80,75.50,755,9.4,6,47.2),('WoodRo02Receiving','WoodRo02',47,58.80,552,11.7,3,39.4),('WortCh00Receiving','WortCh00',3,75.00,14,4.7,0,4.7),('WrigJa02Receiving','WrigJa02',34,68.00,442,13.0,0,27.6),('WrigKe01Receiving','WrigKe01',36,60.00,408,11.3,3,40.8),('WrigTi01Receiving','WrigTi01',9,56.30,77,8.6,2,8.6),('YeldT.00Receiving','YeldT.00',36,78.30,279,7.8,1,23.3),('YounDa01Receiving','YounDa01',6,100.00,22,3.7,0,1.4),('ZennZa00Receiving','ZennZa00',2,66.70,11,5.5,0,1.8);
/*!40000 ALTER TABLE `receivingInfo` ENABLE KEYS */;
UNLOCK TABLES;

--
-- Table structure for table `rushingInfo`
--

DROP TABLE IF EXISTS `rushingInfo`;
/*!40101 SET @saved_cs_client     = @@character_set_client */;
/*!40101 SET character_set_client = utf8 */;
CREATE TABLE `rushingInfo` (
  `rushingId` varchar(21) NOT NULL,
  `playerId` varchar(10) DEFAULT NULL,
  `yards` int(11) NOT NULL,
  `touchdowns` int(11) NOT NULL,
  `longest` int(11) NOT NULL,
  `yardsPerAttempt` decimal(4,1) NOT NULL,
  `yardsPerGame` decimal(4,1) NOT NULL,
  PRIMARY KEY (`rushingId`),
  KEY `playerId_fk_players_rushing` (`playerId`),
  CONSTRAINT `playerId_fk_players_rushing` FOREIGN KEY (`playerId`) REFERENCES `players` (`playerId`) ON DELETE CASCADE ON UPDATE CASCADE
) ENGINE=InnoDB DEFAULT CHARSET=latin1;
/*!40101 SET character_set_client = @saved_cs_client */;

--
-- Dumping data for table `rushingInfo`
--

LOCK TABLES `rushingInfo` WRITE;
/*!40000 ALTER TABLE `rushingInfo` DISABLE KEYS */;
INSERT INTO `rushingInfo` VALUES ('AbduAm00Rushing','AbduAm00',597,2,36,4.2,37.3),('AbduIs00Rushing','AbduIs00',34,0,30,17.0,2.1),('AjayJa00Rushing','AjayJa00',187,1,24,3.8,20.8),('AlleDw00Rushing','AlleDw00',1,0,1,1.0,0.1),('AlleJa01Rushing','AlleJa01',514,1,44,3.8,32.1),('AluaTy99Rushing','AluaTy99',0,0,0,0.0,0.0),('AmenDa00Rushing','AmenDa00',11,0,8,5.5,0.8),('AndeC.00Rushing','AndeC.00',720,5,48,4.7,48.0),('AndeCo01Rushing','AndeCo01',-1,0,-1,-1.0,-0.1),('AndeDe00Rushing','AndeDe00',-2,0,2,-0.3,-0.7),('AndrAn00Rushing','AndrAn00',520,3,38,3.6,37.1),('ArtiCa00Rushing','ArtiCa00',183,1,31,4.1,26.1),('AsiaMa00Rushing','AsiaMa00',112,0,19,3.9,7.0),('AustTa00Rushing','AustTa00',434,4,60,8.3,27.1),('BarnKe00Rushing','BarnKe00',124,0,19,4.4,11.3),('BeckOd00Rushing','BeckOd00',3,0,3,3.0,0.2),('BellJo01Rushing','BellJo01',311,4,36,3.5,23.9),('BellLe00Rushing','BellLe00',556,3,42,4.9,92.7),('BenjTr00Rushing','BenjTr00',12,0,10,3.0,0.8),('BernGi00Rushing','BernGi00',730,2,28,4.7,45.6),('BlouLe00Rushing','BlouLe00',703,6,38,4.3,58.6),('BlueAl00Rushing','BlueAl00',698,2,41,3.8,46.5),('BohaTo00Rushing','BohaTo00',2,0,2,1.0,0.1),('BoldBr00Rushing','BoldBr00',207,0,14,3.3,13.8),('BortBl00Rushing','BortBl00',310,2,28,6.0,19.4),('BradAh00Rushing','BradAh00',85,0,23,2.7,14.2),('BradSa00Rushing','BradSa00',39,0,14,1.5,2.8),('BradTo00Rushing','BradTo00',53,3,13,1.6,3.3),('BreeDr00Rushing','BreeDr00',14,1,12,0.6,0.9),('BridTe00Rushing','BridTe00',192,3,19,4.4,12.0),('BrowAn04Rushing','BrowAn04',28,0,16,9.3,1.8),('BrowBr02Rushing','BrowBr02',72,1,18,2.9,24.0),('BrowDo00Rushing','BrowDo00',229,1,53,3.9,25.4),('BrowJo02Rushing','BrowJo02',22,0,13,7.3,1.5),('BrowMa03Rushing','BrowMa03',17,0,13,4.3,17.0),('BrowPh00Rushing','BrowPh00',38,0,14,6.3,2.7),('BryaMa00Rushing','BryaMa00',37,1,13,7.4,3.4),('BurkRe00Rushing','BurkRe00',4,0,2,1.0,0.3),('BurtMi00Rushing','BurtMi00',2,0,2,0.5,0.1),('BushRe00Rushing','BushRe00',28,0,9,3.5,5.6),('CadeTr00Rushing','CadeTr00',28,0,6,2.5,4.0),('CaldAn00Rushing','CaldAn00',3,0,3,3.0,0.2),('CampMi02Rushing','CampMi02',17,1,9,8.5,4.3),('CareKa00Rushing','CareKa00',159,2,11,3.7,15.9),('CarrDe02Rushing','CarrDe02',138,0,24,4.2,8.6),('CassMa00Rushing','CassMa00',78,0,24,5.2,7.8),('CharJa00Rushing','CharJa00',364,4,34,5.1,72.8),('ClauJi00Rushing','ClauJi00',36,0,11,3.3,7.2),('ClemKe00Rushing','ClemKe00',-1,0,-1,-1.0,-0.5),('CobbDa00Rushing','CobbDa00',146,1,12,2.8,20.9),('CobbRa00Rushing','CobbRa00',50,0,12,3.8,3.1),('ColeDe00Rushing','ColeDe00',32,0,19,4.0,2.3),('ColeTe01Rushing','ColeTe01',392,1,46,4.5,32.7),('CookBr00Rushing','CookBr00',18,0,11,2.3,1.1),('CoopAm00Rushing','CoopAm00',-3,0,2,-1.0,-0.2),('CotcJe00Rushing','CotcJe00',16,0,16,16.0,1.1),('CousKi00Rushing','CousKi00',48,5,13,1.8,3.0),('CrocJo00Rushing','CrocJo00',21,0,12,2.3,10.5),('CrowIs00Rushing','CrowIs00',706,4,54,3.8,44.1),('CrowJa00Rushing','CrowJa00',2,0,2,1.0,0.1),('CunnBe01Rushing','CunnBe01',140,0,40,3.8,8.8),('CutlJa00Rushing','CutlJa00',201,1,26,5.3,13.4),('DaltAn00Rushing','DaltAn00',142,3,12,2.5,10.9),('DaniB.00Rushing','DaniB.00',6,0,6,1.0,0.8),('DaniCh00Rushing','DaniCh00',-2,0,-1,-1.0,-1.0),('DarkOr00Rushing','DarkOr00',153,1,17,4.3,9.6),('DaviAu00Rushing','DaviAu00',33,0,17,4.7,11.0),('DaviKn00Rushing','DaviKn00',72,1,10,2.6,5.1),('DaviMi01Rushing','DaviMi01',58,0,13,1.7,9.7),('DiggSt00Rushing','DiggSt00',13,0,10,4.3,1.0),('DiMaPa00Rushing','DiMaPa00',0,0,0,0.0,0.0),('DixoAn00Rushing','DixoAn00',44,1,6,2.1,2.8),('DorsPh00Rushing','DorsPh00',17,0,11,5.7,1.5),('DougHa00Rushing','DougHa00',-6,0,-6,-6.0,-0.4),('DrauSh00Rushing','DrauSh00',273,1,30,3.5,24.8),('DunbLa00Rushing','DunbLa00',67,0,45,13.4,16.8),('EdelJu00Rushing','EdelJu00',23,0,12,7.7,2.6),('ElliAn00Rushing','ElliAn00',289,3,63,6.4,28.9),('ElliBr00Rushing','ElliBr00',7,0,7,7.0,0.5),('FeltJe00Rushing','FeltJe00',2,0,2,2.0,0.1),('FitzRy00Rushing','FitzRy00',270,2,19,4.5,16.9),('FlacJo00Rushing','FlacJo00',23,3,16,1.8,2.3),('FoleNi00Rushing','FoleNi00',20,1,10,1.2,1.8),('ForsJu00Rushing','ForsJu00',641,2,33,4.2,64.1),('FortMa00Rushing','FortMa00',898,4,27,4.1,69.1),('FostAr00Rushing','FostAr00',163,1,16,2.6,40.8),('FowlJa00Rushing','FowlJa00',13,1,3,1.9,0.8),('FreeDe00Rushing','FreeDe00',1056,11,39,4.0,70.4),('FreeJo00Rushing','FreeJo00',24,0,9,3.0,24.0),('GabbBl00Rushing','GabbBl00',185,1,44,5.8,23.1),('GaroJi00Rushing','GaroJi00',-5,0,-1,-1.0,-1.0),('GaskKe00Rushing','GaskKe00',38,0,14,2.4,4.2),('GerhTo00Rushing','GerhTo00',44,0,6,2.2,6.3),('GillMi00Rushing','GillMi00',267,3,60,5.7,53.4),('GinnTe00Rushing','GinnTe00',60,0,43,15.0,4.0),('GiveCh00Rushing','GiveCh00',18,0,24,4.5,1.2),('GordMe00Rushing','GordMe00',641,0,27,3.5,45.8),('GoreFr00Rushing','GoreFr00',967,6,37,3.7,60.4),('GranCo00Rushing','GranCo00',2,0,11,0.3,0.3),('GrayJo00Rushing','GrayJo00',176,0,23,3.9,22.0),('GrimJo01Rushing','GrimJo01',282,1,37,5.0,20.1),('GurlTo01Rushing','GurlTo01',1106,10,71,4.8,85.1),('HarrAl00Rushing','HarrAl00',19,0,16,4.8,3.2),('HarrDu01Rushing','HarrDu01',189,0,47,3.9,47.3),('HarrDw00Rushing','HarrDw00',12,0,11,6.0,0.8),('HarvPe00Rushing','HarvPe00',31,0,9,6.2,6.2),('HassMa00Rushing','HassMa00',15,0,10,0.9,1.9),('HaynJa00Rushing','HaynJa00',52,0,11,3.1,6.5),('HeatJe00Rushing','HeatJe00',2,0,2,2.0,0.1),('HeluRo00Rushing','HeluRo00',39,0,12,2.3,4.3),('HernJa00Rushing','HernJa00',13,0,13,13.0,1.6),('HerrDa00Rushing','HerrDa00',79,0,8,3.2,7.9),('HighTi00Rushing','HighTi00',375,4,26,3.9,46.9),('HillJe01Rushing','HillJe01',794,11,38,3.6,49.6),('HillRo00Rushing','HillRo00',863,7,72,4.2,53.9),('HillSh00Rushing','HillSh00',-5,0,-1,-1.3,-1.7),('HogaCh00Rushing','HogaCh00',4,0,4,4.0,0.3),('HoomMi00Rushing','HoomMi00',0,0,0,0.0,0.0),('HoyeBr00Rushing','HoyeBr00',44,0,15,2.9,4.0),('HuntAk01Rushing','HuntAk01',96,0,25,5.6,13.7),('HuntKe00Rushing','HuntKe00',2,0,2,2.0,1.0),('HydeCa00Rushing','HydeCa00',470,3,22,4.1,67.1),('IngrMa01Rushing','IngrMa01',769,6,70,4.6,64.1),('IoseJo00Rushing','IoseJo00',51,0,15,3.4,25.5),('IvorCh00Rushing','IvorCh00',1070,7,58,4.3,71.3),('JackFr02Rushing','JackFr02',100,0,16,3.8,6.3),('JackSt00Rushing','JackSt00',50,1,7,2.4,25.0),('JackTa00Rushing','JackTa00',-8,0,-1,-1.0,-2.0),('JennRa00Rushing','JennRa00',863,3,38,4.4,53.9),('JohnAu00Rushing','JohnAu00',9,1,4,2.3,0.9),('JohnCh04Rushing','JohnCh04',814,3,62,4.2,74.0),('JohnDa04Rushing','JohnDa04',6,0,6,6.0,6.0),('JohnDa05Rushing','JohnDa05',4,0,2,2.0,0.3),('JohnDa08Rushing','JohnDa08',581,8,47,4.6,36.3),('JohnDu00Rushing','JohnDu00',379,0,39,3.6,23.7),('JohnWi00Rushing','JohnWi00',7,1,6,1.8,0.4),('JoneLa02Rushing','JoneLa02',-5,0,0,-1.0,-0.7),('JoneMa02Rushing','JoneMa02',33,0,30,6.6,2.1),('JoneMa04Rushing','JoneMa04',490,3,39,3.4,37.7),('JoneT.00Rushing','JoneT.00',-3,0,-3,-3.0,-0.3),('JoneTa00Rushing','JoneTa00',74,0,19,4.6,6.2),('JuszKy00Rushing','JuszKy00',3,0,2,1.5,0.2),('KaepCo00Rushing','KaepCo00',256,1,15,5.7,28.4),('KeenCa00Rushing','KeenCa00',5,0,4,0.4,0.8),('KochSa20Rushing','KochSa20',7,0,7,7.0,0.4),('KuhnJo00Rushing','KuhnJo00',28,2,5,3.1,1.8),('LacyEd00Rushing','LacyEd00',758,3,29,4.1,50.5),('LaFeBr00Rushing','LaFeBr00',9,0,9,4.5,0.8),('LandJa00Rushing','LandJa00',113,1,22,6.3,7.1),('LaneJo00Rushing','LaneJo00',0,0,0,0.0,0.0),('LangJe00Rushing','LangJe00',537,6,23,3.6,33.6),('LatiCo00Rushing','LatiCo00',1,0,5,0.5,0.1),('LeexMa00Rushing','LeexMa00',38,0,12,7.6,3.8),('LeviAn00Rushing','LeviAn00',3,0,3,3.0,0.2),('LewiDi00Rushing','LewiDi00',234,2,13,4.8,33.4),('LineZa01Rushing','LineZa01',10,2,3,1.7,0.6),('LockJe00Rushing','LockJe00',-6,0,-6,-6.0,-0.4),('LockTy00Rushing','LockTy00',20,0,8,4.0,1.3),('LuckAn00Rushing','LuckAn00',196,0,25,5.9,28.0),('LyncMa00Rushing','LyncMa00',417,3,24,3.8,59.6),('MaclJe00Rushing','MaclJe00',14,0,18,4.7,0.9),('MageTe00Rushing','MageTe00',5,0,4,2.5,1.7),('MallRy00Rushing','MallRy00',15,1,6,3.0,1.9),('MannEl00Rushing','MannEl00',61,0,18,3.1,3.8),('MannPe00Rushing','MannPe00',-6,0,-1,-1.0,-0.6),('ManuEJ00Rushing','ManuEJ00',64,1,16,3.8,9.1),('ManzJo00Rushing','ManzJo00',230,0,34,6.2,23.0),('MariMa01Rushing','MariMa01',252,2,87,7.4,21.0),('MartDo00Rushing','MartDo00',1402,6,84,4.9,87.6),('MartKe01Rushing','MartKe01',6,0,6,6.0,0.7),('MasoTr00Rushing','MasoTr00',207,1,15,2.8,15.9),('MastTi99Rushing','MastTi99',7,0,7,7.0,0.4),('MathRy00Rushing','MathRy00',539,6,63,5.1,41.5),('MattRi00Rushing','MattRi00',4,0,4,4.0,0.4),('McAfPa44Rushing','McAfPa44',18,0,18,18.0,1.1),('McBrTr00Rushing','McBrTr00',8,0,8,8.0,1.1),('McCaA.00Rushing','McCaA.00',31,0,16,2.2,4.4),('McClDe00Rushing','McClDe00',247,1,44,4.5,22.5),('McCoCo00Rushing','McCoCo00',-3,0,-1,-1.0,-3.0),('McCoJo01Rushing','McCoJo01',98,1,13,4.9,12.3),('McCoLe01Rushing','McCoLe01',895,3,48,4.4,74.6),('McFaDa00Rushing','McFaDa00',1089,3,50,4.6,68.1),('McKiJe00Rushing','McKiJe00',271,2,68,5.2,16.9),('MettZa00Rushing','MettZa00',8,1,5,0.9,1.1),('MichCh00Rushing','MichCh00',243,0,45,4.5,30.4),('MillBr02Rushing','MillBr02',14,1,4,2.3,0.9),('MillHe00Rushing','MillHe00',2,0,2,2.0,0.1),('MillLa01Rushing','MillLa01',872,8,85,4.5,54.5),('MontTy01Rushing','MontTy01',14,0,9,4.7,2.3),('MoorKe02Rushing','MoorKe02',-1,0,0,-0.5,-0.3),('MoorMa01Rushing','MoorMa01',-2,0,0,-0.7,-2.0),('MorrAl00Rushing','MorrAl00',751,1,48,3.7,46.9),('MurpMa03Rushing','MurpMa03',0,0,0,0.0,0.0),('MurrDe00Rushing','MurrDe00',702,6,54,3.6,46.8),('MurrLa00Rushing','MurrLa00',1066,6,54,4.0,66.6),('NelsJJ00Rushing','NelsJJ00',0,0,0,0.0,0.0),('NewtCa00Rushing','NewtCa00',636,10,47,4.8,39.8),('NortBr00Rushing','NortBr00',-1,0,-1,-1.0,-0.1),('OlawJa00Rushing','OlawJa00',110,1,19,4.6,7.9),('OlivBr01Rushing','OlivBr01',108,0,15,3.5,13.5),('OsweBr00Rushing','OsweBr00',61,1,8,2.9,7.6),('PalmCa00Rushing','PalmCa00',24,1,12,1.0,1.5),('PattCo00Rushing','PattCo00',15,0,9,7.5,0.9),('PattQu00Rushing','PattQu00',5,0,5,5.0,0.3),('PeadIs00Rushing','PeadIs00',3,0,4,1.5,1.5),('PeteAd01Rushing','PeteAd01',1485,11,80,4.5,92.8),('PierBe00Rushing','PierBe00',11,0,4,1.8,1.6),('PoexDo00Rushing','PoexDo00',1,1,1,1.0,0.1),('PolkCh00Rushing','PolkCh00',334,1,20,3.4,22.3),('PoweBi00Rushing','PoweBi00',313,1,24,4.5,28.5),('PoyeJo00Rushing','PoyeJo00',10,0,10,10.0,0.7),('ProsJa00Rushing','ProsJa00',33,0,16,5.5,2.1),('PryoTe00Rushing','PryoTe00',-1,0,-1,-1.0,-0.3),('RainBo00Rushing','RainBo00',18,0,7,3.6,1.1),('RandJo01Rushing','RandJo01',315,4,37,4.1,52.5),('RawlTh00Rushing','RawlTh00',830,4,69,5.6,63.8),('ReecMa00Rushing','ReecMa00',36,0,12,3.6,2.4),('ReitJo00Rushing','ReitJo00',0,0,0,0.0,0.0),('RenfSe00Rushing','RenfSe00',-4,0,-4,-4.0,-2.0),('RiddTh00Rushing','RiddTh00',133,0,16,3.1,8.3),('RidlSt00Rushing','RidlSt00',90,0,13,2.5,10.0),('RivePh00Rushing','RivePh00',28,0,8,1.6,1.8),('RobiDe00Rushing','RobiDe00',266,1,31,4.0,20.5),('RobiJo02Rushing','RobiJo02',39,0,8,2.3,7.8),('RobiKh00Rushing','RobiKh00',180,4,14,3.2,22.5),('RodgAa00Rushing','RodgAa00',344,1,18,5.9,21.5),('RodgJa00Rushing','RodgJa00',41,0,5,2.9,8.2),('RodgRi00Rushing','RodgRi00',11,0,11,11.0,0.7),('RoetBe00Rushing','RoetBe00',29,0,13,1.9,2.4),('RomoTo00Rushing','RomoTo00',13,0,12,3.3,3.3),('RossJe01Rushing','RossJe01',2,0,2,2.0,0.2),('RoyaEd00Rushing','RoyaEd00',-1,0,-1,-1.0,-0.1),('RyanMa00Rushing','RyanMa00',63,0,18,1.8,3.9),('SancMa00Rushing','SancMa00',22,0,11,3.7,5.5),('SandEm00Rushing','SandEm00',29,0,24,9.7,1.9),('SankBi00Rushing','SankBi00',193,1,16,4.1,14.8),('SanuMo00Rushing','SanuMo00',71,2,25,7.1,4.4),('SchaMa00Rushing','SchaMa00',10,0,7,2.5,5.0),('SchmCo00Rushing','SchmCo00',0,0,0,0.0,0.0),('SherAn00Rushing','SherAn00',0,0,0,0.0,0.0),('ShorCe00Rushing','ShorCe00',47,0,12,4.7,4.3),('SiemTr00Rushing','SiemTr00',-1,0,-1,-1.0,-1.0),('SimsCh00Rushing','SimsCh00',529,0,59,4.9,33.1),('SmitAl03Rushing','SmitAl03',498,2,49,5.9,31.1),('SmitAn01Rushing','SmitAn01',11,0,11,11.0,2.2),('SmitGe00Rushing','SmitGe00',34,0,29,17.0,34.0),('SmitRo06Rushing','SmitRo06',5,0,3,2.5,0.5),('SpilC.00Rushing','SpilC.00',112,0,11,3.1,8.6),('SproDa00Rushing','SproDa00',317,3,27,3.8,19.8),('StacZa00Rushing','StacZa00',89,1,18,2.9,11.1),('StafMa00Rushing','StafMa00',159,1,18,3.6,9.9),('StanDr00Rushing','StanDr00',-13,0,-1,-1.0,-1.9),('StarJa00Rushing','StarJa00',601,2,65,4.1,37.6),('StewJo00Rushing','StewJo00',989,6,44,4.1,76.1),('TaliLo00Rushing','TaliLo00',47,1,7,3.6,15.7),('TannRy00Rushing','TannRy00',141,1,28,4.4,8.8),('TateGo00Rushing','TateGo00',41,0,15,6.8,2.6),('TaylSt00Rushing','TaylSt00',58,0,16,3.4,3.6),('TaylTy00Rushing','TaylTy00',568,4,31,5.5,40.6),('ThieAd00Rushing','ThieAd00',89,0,41,22.3,5.6),('ThigMa00Rushing','ThigMa00',-1,0,0,-1.0,-0.1),('ThomCh03Rushing','ThomCh03',216,0,42,6.2,16.6),('ThomDe05Rushing','ThomDe05',34,1,13,3.8,3.4),('ThomJu01Rushing','ThomJu01',48,0,12,2.7,3.2),('ThomPi00Rushing','ThomPi00',64,0,11,4.3,12.8),('TiptZu01Rushing','TiptZu01',20,0,7,4.0,2.0),('TodmJo00Rushing','TodmJo00',22,0,11,5.5,2.0),('TolbMi00Rushing','TolbMi00',256,1,29,4.1,16.0),('TolzSc00Rushing','TolzSc00',-3,0,0,-1.0,-1.0),('TousFi00Rushing','TousFi00',42,0,7,2.3,8.4),('TukuWi00Rushing','TukuWi00',1,1,4,0.3,0.1),('TurbRo00Rushing','TurbRo00',199,1,22,4.0,19.9),('VargTy00Rushing','VargTy00',2,0,2,2.0,0.7),('VereSh00Rushing','VereSh00',260,0,39,4.3,16.3),('VickMi00Rushing','VickMi00',99,0,24,5.0,19.8),('WalkHu00Rushing','WalkHu00',36,0,36,36.0,2.4),('WallMi00Rushing','WallMi00',6,0,6,6.0,0.4),('WardTe00Rushing','WardTe00',95,1,13,3.3,7.3),('WareSp00Rushing','WareSp00',403,6,52,5.6,36.6),('WashTo00Rushing','WashTo00',8,0,8,8.0,2.0),('WatkSa00Rushing','WatkSa00',1,0,1,1.0,0.1),('WebbJo00Rushing','WebbJo00',-1,0,-1,-1.0,-0.1),('WeedBr00Rushing','WeedBr00',47,1,11,2.9,7.8),('WeemEr00Rushing','WeemEr00',4,0,4,4.0,0.3),('WestCh01Rushing','WestCh01',634,4,38,4.0,42.3),('WestTe00Rushing','WestTe00',231,0,17,3.7,28.9),('WhitCh02Rushing','WhitCh02',1,0,2,0.5,0.2),('WhitFo00Rushing','WhitFo00',108,1,16,4.3,7.2),('WhitJa02Rushing','WhitJa02',56,2,8,2.5,4.0),('WhitLu00Rushing','WhitLu00',107,0,33,10.7,7.1),('WillAn00Rushing','WillAn00',257,1,35,2.9,16.1),('WillDa05Rushing','WillDa05',59,0,19,3.7,3.7),('WillDe02Rushing','WillDe02',907,11,55,4.5,56.7),('WillKa01Rushing','WillKa01',517,7,41,5.6,47.0),('WillKa02Rushing','WillKa02',5,0,5,5.0,2.5),('WillKe05Rushing','WillKe05',142,1,35,5.3,23.7),('WillTr03Rushing','WillTr03',12,0,12,6.0,6.0),('WilsAl02Rushing','WilsAl02',26,0,8,5.2,1.9),('WilsRu00Rushing','WilsRu00',553,1,24,5.4,34.6),('WinnGe00Rushing','WinnGe00',1,0,2,0.3,0.1),('WinsGl00Rushing','WinsGl00',-8,0,-8,-8.0,-2.7),('WinsJa00Rushing','WinsJa00',213,6,21,3.9,13.3),('WoodCh00Rushing','WoodCh00',-3,0,-3,-3.0,-0.2),('WoodCi00Rushing','WoodCi00',3,0,3,1.5,1.5),('WoodDa02Rushing','WoodDa02',336,3,27,3.4,21.0),('WoodRo02Rushing','WoodRo02',0,0,0,0.0,0.0),('WrigJa02Rushing','WrigJa02',29,0,29,29.0,1.8),('WrigKe01Rushing','WrigKe01',17,0,13,3.4,1.7),('YateT.00Rushing','YateT.00',0,0,7,0.0,0.0),('YeldT.00Rushing','YeldT.00',740,2,45,4.1,61.7),('YounDa01Rushing','YounDa01',10,0,5,1.7,0.6),('ZennZa00Rushing','ZennZa00',60,0,12,3.5,10.0);
/*!40000 ALTER TABLE `rushingInfo` ENABLE KEYS */;
UNLOCK TABLES;
/*!40103 SET TIME_ZONE=@OLD_TIME_ZONE */;

/*!40101 SET SQL_MODE=@OLD_SQL_MODE */;
/*!40014 SET FOREIGN_KEY_CHECKS=@OLD_FOREIGN_KEY_CHECKS */;
/*!40014 SET UNIQUE_CHECKS=@OLD_UNIQUE_CHECKS */;
/*!40101 SET CHARACTER_SET_CLIENT=@OLD_CHARACTER_SET_CLIENT */;
/*!40101 SET CHARACTER_SET_RESULTS=@OLD_CHARACTER_SET_RESULTS */;
/*!40101 SET COLLATION_CONNECTION=@OLD_COLLATION_CONNECTION */;
/*!40111 SET SQL_NOTES=@OLD_SQL_NOTES */;

-- Dump completed on 2016-12-04 13:32:11
